Region,Month,Year,Humidity,Temperature,Population Density,Dengue_Cases
1,1,2008,21.9422001243,13.69,503.1821950257,2.953926
1,2,2008,19.5866998135,14.72,503.1888480122,2.183336
1,3,2008,23.1852082039,17.91,503.1937654356,0.97241
1,4,2008,24.8570540709,20.93,503.1959555482,9.357156
1,5,2008,7.8651336234,23.18,503.2170302239,7.320599
1,6,2008,7.1628340584,24.05,503.2335180595,4.513452
1,7,2008,2.3088875078,23.82,503.2436834919,6.82522
1,8,2008,4.9005593536,23.58,503.259055609,9.210377
1,9,2008,4.328775637,22.09,503.2797997014,13.301839
1,10,2008,0.8545680547,20.2,503.3097587982,1.724652
1,11,2008,9.6923555003,16.16,503.3136431496,1.32101
1,12,2008,22.9117464264,13.41,503.3166183973,1.0458
1,1,2009,25,13.08,503.3189738027,5.23598
1,2,2009,15.0683654444,14.2,503.3307665505,3.719351
1,3,2009,24.2417650715,18.44,503.3391434671,2.473549
1,4,2009,25,21.3,503.3447145234,3.051313
1,5,2009,2.7252952144,23.63,503.35158685,4.658217
1,6,2009,8.3809819764,23.97,503.3620783298,6.644278
1,7,2009,10.7737725295,23.68,503.3770429198,1.263857
1,8,2009,21.8427594779,23.34,503.3798894446,1.516629
1,9,2009,16.4045991299,22.11,503.3833052757,0.902755
1,10,2009,12.7439403356,19.63,503.3853385077,4.333225
1,11,2009,2.688004972,16.35,503.3950980234,3.159643
1,12,2009,15.0248601616,13.53,503.4022143365,2.166613
1,1,2010,24.2106898695,13.2,503.4070940955,1.97192
1,2,2010,16.0503418272,14.55,503.4115353568,3.197708
1,3,2010,25,17.12,503.4187374018,5.276218
1,4,2010,24.937849596,20.67,503.4306207757,0.657307
1,5,2010,10.3884400249,22.95,503.4321011969,0.728367
1,6,2010,4.8259788689,23.85,503.4337416631,0.604011
1,7,2010,20.2703542573,23.53,503.4351020482,4.796562
1,8,2010,4.6954630205,23.29,503.4459051158,3.286533
1,9,2010,3.9310130516,22.84,503.4533072171,2.700287
1,10,2010,13.7383467993,20.12,503.4593889446,1.954155
1,11,2010,7.3244251088,15.84,503.4637901946,3.712894
1,12,2010,11.016159105,12.93,503.4721525685,4.672207
1,1,2011,24.4157862026,13.04,503.4826755572,1.817482
1,2,2011,24.0863890615,14.07,503.4867689852,2.149523
1,3,2011,25,17.7,503.4916102532,0.699032
1,4,2011,12.4207582349,21.42,503.4931846496,5.40002
1,5,2011,6.0752019888,23.02,503.5053468568,5.854391
1,6,2011,5.7706650093,23.64,503.5185324221,3.914578
1,7,2011,6.1995027968,23.35,503.5273490392,3.582538
1,8,2011,15.0497203232,23.03,503.5354178185,5.819439
1,9,2011,25.9881914232,21.65,503.5485246631,3.634965
1,10,2011,11.1901802362,19.5,503.5567115212,3.827199
1,11,2011,5.8141702921,15.77,503.5653313388,5.225262
1,12,2011,22.5077688005,14.06,503.5770999469,1.800007
1,1,2012,24.9192044748,12.83,503.5811540167,17.086037
1,2,2012,25,12.74,503.619636082,15.006147
1,3,2012,24.7949036669,16.88,503.6534337104,19.423764
1,4,2012,23.328154133,19.62,503.6971809266,5.792751
1,5,2012,7.6289620883,23.32,503.7102276631,16.879767
1,6,2012,14.0739589807,24.13,503.7482451563,7.013182
1,7,2012,2.0851460534,23.93,503.7640406113,9.505612
1,8,2012,4.4592914854,24.31,503.7854496473,12.616852
1,9,2012,6.5413300186,22.47,503.8138659807,12.101177
1,10,2012,8.797389683,21.65,503.8411208838,54.695944
1,11,2012,23.421379739,16.63,503.9643099469,43.437037
1,12,2012,3.5767557489,13.59,504.0621411113,61.932585
1,1,2013,22.7252952144,12.73,504.2016289153,16.873577
1,2,2013,25,14.59,504.2396324671,36.012743
1,3,2013,25,17.12,504.3207422487,21.184961
1,4,2013,25,21.12,504.3684561248,15.284282
1,5,2013,9.561839652,24.01,504.4028801834,9.33288
1,6,2013,20.5748912368,23.85,504.4239001834,27.592863
1,7,2013,9.6053449347,23.92,504.4860462712,83.505606
1,8,2013,5.0807955252,23.35,504.6741219604,35.539336
1,9,2013,14.7886886265,22.54,504.7541655099,76.658112
1,10,2013,8.3561218148,19.96,504.9268189153,23.771792
1,11,2013,16.9888129273,16.3,504.9803589874,71.856413
1,12,2013,20.077688005,14.39,505.1421977554,29.587935
1,1,2014,18.1199502797,14.07,505.2088372487,8.898958
1,2,2014,25,14.85,505.2288799469,5.173039
1,3,2014,17.9583592293,17.05,505.2405309356,28.792703
1,4,2014,23.6575512741,22.17,505.3053793658,33.16733
1,5,2014,13.3032939714,22.39,505.3800805595,20.209783
1,6,2014,6.031696706,23.4,505.4255980888,47.605266
1,7,2014,2.5885643257,23.51,505.5328171563,18.56306
1,8,2014,1.532007458,23.19,505.57462585,59.348563
1,9,2014,12.5450590429,21.84,505.7082937847,24.268373
1,10,2014,8.5674331883,19.55,505.7629522825,5.22294
1,11,2014,15.3293971411,16.37,505.7747156608,4.025323
1,12,2014,9.7358607831,12.5,505.7837817036,10.745284
1,1,2015,23.7010565569,13.14,505.8079827937,13.865062
1,2,2015,19.7110006215,14.21,505.8392104108,13.53767
1,3,2015,25,17.04,505.8697006586,31.429657
1,4,2015,23.1976382846,21.69,505.9404881743,13.455822
1,5,2015,9.9285270354,23.1,505.9707940798,40.547531
1,6,2015,18.1075201989,23.87,506.0621173478,13.324865
1,7,2015,4.9192044748,23.71,506.092128305,3.765011
1,8,2015,18.4990677439,23.29,506.1006080595,1.735179
1,9,2015,1.6500932256,21.91,506.1045161203,4.878145
1,10,2015,14.390926041,19.17,506.1155029334,7.660979
1,11,2015,12.0665009323,15.24,506.1327573906,7.972001
1,12,2015,12.7625854568,12.59,506.1507123478,18.415814
1,1,2016,23.3467992542,12.91,506.1921894063,13.504792
1,2,2016,23.5891858297,13.75,506.2226056045,27.912051
1,3,2016,12.1783716594,17.59,506.2854705843,9.073028
1,4,2016,19.4499689248,20.75,506.305905332,2.481787
1,5,2016,11.047234307,22.88,506.3114949424,1.772705
1,6,2016,4.3784959602,23.62,506.3154875212,3.738797
1,7,2016,8.5736482287,23.33,506.3239082352,5.575964
1,8,2016,4.0304536979,23.07,506.3364667126,4.641265
1,9,2016,13.9434431324,21.86,506.3469200122,8.235022
1,10,2016,12.0602858919,19.49,506.365467359,8.073867
1,11,2016,8.3871970168,16.32,506.3836517442,15.857655
1,12,2016,15.4599129894,14.03,506.4193671834,3.593757
2,1,2008,24.3536357986,18.6,477.0472027972,3.232928
2,2,2008,24.3163455562,20.84,477.0544841666,2.297784
2,3,2008,13.1168427595,22.93,477.0596593558,5.423838
2,4,2008,16.0130515848,26.21,477.0718752071,13.733265
2,5,2008,28.5177128651,28.3,477.1028059841,13.572955
2,6,2008,75.0559353636,28.53,477.1333757026,16.164641
2,7,2008,55.9819763828,27.49,477.1697825517,9.324727
2,8,2008,18.0453697949,26.68,477.1907841891,11.408763
2,9,2008,7.0571783717,25.81,477.2164796013,18.115085
2,10,2008,17.218769422,24.44,477.2572793422,2.271065
2,11,2008,24.515226849,21,477.2623943535,1.629823
2,12,2008,24.1485394655,18.44,477.266065126,2.351221
2,1,2009,22.8558110628,18.2,477.2713606688,6.231395
2,2,2009,20.7862026103,19.98,477.2853953422,7.493449
2,3,2009,23.2287134866,22.15,477.3022724796,10.753757
2,4,2009,9.0335612181,26.61,477.3264926531,4.075385
2,5,2009,1.140459913,27.95,477.3356714481,7.493449
2,6,2009,35.5096333126,27.91,477.3525485855,10.701171
2,7,2009,37.0882535736,27,477.376650322,1.130591
2,8,2009,7.1814791796,26.8,477.3791966981,1.919375
2,9,2009,14.0739589807,26.02,477.3835196148,1.998253
2,10,2009,33.937228092,24.35,477.3880201846,6.073638
2,11,2009,22.4704785581,20.92,477.4016995495,5.758124
2,12,2009,24.4655065258,18.7,477.4146682972,9.570581
2,1,2010,24.1298943443,18.96,477.4362236598,2.483559
2,2,2010,12.7998756992,19.66,477.4418172612,6.053674
2,3,2010,12.6382846489,22.63,477.4554516621,5.74323
2,4,2010,2.3337476694,25.73,477.4683868648,1.397002
2,5,2010,14.2106898695,28.24,477.4715332657,1.526354
2,6,2010,27.2436295836,28.46,477.4749709999,1.552224
2,7,2010,8.2753262896,27.29,477.4784669999,7.217843
2,8,2010,30.7178371659,26.49,477.4947234031,4.294487
2,9,2010,1.5879428216,26.38,477.5043956711,12.288442
2,10,2010,18.5798632691,23.97,477.5320723422,2.017891
2,11,2010,25,21.87,477.5366171418,5.458655
2,12,2010,25,18.73,477.5489114098,3.88056
2,1,2011,21.8489745183,17.93,477.5576514098,0.814374
2,2,2011,21.3082660037,19,477.5594855855,3.74103
2,3,2011,14.4095711622,22.69,477.5679113287,1.88324
2,4,2011,6.3859540087,26.23,477.5721528603,12.368304
2,5,2011,3.2162834058,29.17,477.6000094008,5.344329
2,6,2011,43.9434431324,28.58,477.6120461778,20.91923
2,7,2011,32.0975761342,27.77,477.6591615607,2.112282
2,8,2011,5.3480422623,27.32,477.6639189526,11.935668
2,9,2011,12.0975761342,26.82,477.6908010877,2.49402
2,10,2011,5.0497203232,25.46,477.6964182499,2.061384
2,11,2011,23.1168427595,22.18,477.7010610067,7.507509
2,12,2011,23.8191423244,18.31,477.7179698107,3.232046
2,1,2012,24.4157862026,18.52,477.7252491936,24.506129
2,2,2012,15.0062150404,19.68,477.7804431778,16.145509
2,3,2012,22.8868862648,24.24,477.8168069368,57.648228
2,4,2012,10.0279676818,26.84,477.9466452882,4.380564
2,5,2012,2.6817899316,28.16,477.9565114233,30.363569
2,6,2012,0.3946550653,27.81,478.02489784,3.804833
2,7,2012,54.4592914854,27.08,478.0334672837,3.929992
2,8,2012,9.3816034804,26.77,478.042318617,12.11539
2,9,2012,13.3654443754,26,478.0696055314,16.821367
2,10,2012,21.8862647607,24.6,478.1074914931,35.745406
2,11,2012,24.4779366066,21.03,478.1879991643,35.520119
2,12,2012,24.8259788689,18.17,478.2679994323,78.599841
2,1,2013,22.6320696085,18.16,478.4450261013,7.435678
2,2,2013,22.4642635177,19.94,478.4617731238,57.712682
2,3,2013,13.8688626476,22.46,478.5917566418,9.036073
2,4,2013,9.4810441268,25.29,478.6121081576,4.333375
2,5,2013,9.5804847732,26.97,478.6218680112,9.553123
2,6,2013,16.9639527657,27.41,478.643384054,36.858313
2,7,2013,35.8266003729,27.15,478.7263982724,43.309133
2,8,2013,2.6942200124,26.64,478.8239413648,42.398139
2,9,2013,7.1690490988,25.79,478.9194326688,72.928739
2,10,2013,5.640149161,23.85,479.0836865855,13.664905
2,11,2013,23.844002486,20.8,479.1144633986,85.855001
2,12,2013,24.4157862026,18.39,479.3078305179,21.346798
2,1,2014,16.000621504,17.25,479.3559088918,3.851407
2,2,2014,21.3206960845,19.58,479.3645832319,6.176785
2,3,2014,17.2747047856,22.64,479.3784949098,43.89151
2,4,2014,5.5966438782,25.26,479.4773496621,34.78378
2,5,2014,13.2722187694,28.27,479.5556915089,25.361154
2,6,2014,28.0142945929,27.58,479.6128112251,56.0513
2,7,2014,13.1852082039,27.74,479.7390528918,14.703172
2,8,2014,16.640770665,26.97,479.772168144,55.009724
2,9,2014,1.1155997514,26,479.8960639188,11.869117
2,10,2014,13.3157240522,24.54,479.9227961643,3.681849
2,11,2014,20.9912989434,21.71,479.931088617,4.77187
2,12,2014,18.1945307645,18.37,479.941836072,20.27439
2,1,2015,20.9975139838,18.78,479.9874991125,24.076689
2,2,2015,19.7607209447,19.15,480.0417258895,19.404381
2,3,2015,12.4145431945,23.15,480.0854294504,36.901697
2,4,2015,10.1398384089,26.19,480.1685413805,14.016924
2,5,2015,15.7458048477,28.2,480.2001110292,44.100866
2,6,2015,19.8042262275,28.3,480.299437304,6.007253
2,7,2015,1.6190180236,27.28,480.3129671531,2.979788
2,8,2015,40.5997513984,26.84,480.3196783873,3.027465
2,9,2015,14.5898073337,25.84,480.3264970022,10.369663
2,10,2015,2.5574891237,24.36,480.349852099,21.192254
2,11,2015,19.2075823493,21.48,480.3975824008,15.280354
2,12,2015,23.452454941,18.58,480.4319976125,16.114695
2,1,2016,20.6370416408,18.27,480.4682919706,12.133091
2,2,2016,18.1448104413,19.16,480.4956187522,22.177507
2,3,2016,18.4431323804,23.02,480.5455680922,4.036541
2,4,2016,7.4300807955,25.73,480.5546594008,0.586707
2,5,2016,16.1187072716,27.06,480.555980813,1.267286
2,6,2016,41.202610317,27.76,480.5588350607,5.256891
2,7,2016,7.3927905531,27.48,480.5706749053,9.974011
2,8,2016,31.4201367309,26.61,480.593138894,4.928335
2,9,2016,17.4425108763,26.34,480.6042387477,7.69759
2,10,2016,15.5407085146,24.85,480.6215756621,8.190423
2,11,2016,10.6183965196,21.84,480.6400225607,2.792723
2,12,2016,21.2771908017,18.78,480.6463124774,1.149945
3,1,2008,24.5649471722,22.4,438.1860381862,5.836376
3,2,2008,20.5562461156,24.14,438.1973053213,2.581158
3,3,2008,20.4940957116,29.07,438.2022882518,2.811325
3,4,2008,18.8471100062,31.91,438.2077155202,16.054144
3,5,2008,6.187072716,33.41,438.2387080762,20.599942
3,6,2008,0.9415786203,33.18,438.278476304,7.759914
3,7,2008,4.5338719702,31.21,438.2934568329,12.478337
3,8,2008,2.296457427,30.39,438.3175462866,10.521918
3,9,2008,2.2902423866,30.47,438.3378588696,17.640652
3,10,2008,16.124922312,29.97,438.3719141823,3.96216
3,11,2008,22.2094468614,27.31,438.3795631399,0.830245
3,12,2008,24.8011187073,24.49,438.3811659294,1.578288
3,1,2009,22.5699192045,24.93,438.3842128175,9.529202
3,2,2009,23.1106277191,26.58,438.4026089603,12.295744
3,3,2009,19.2324425109,29.77,438.4263459179,5.70296
3,4,2009,13.2473586078,31.78,438.4373554932,4.238796
3,5,2009,15.3045369795,33.73,438.445538497,8.129752
3,6,2009,0.7364822871,32.91,438.4612329989,14.180552
3,7,2009,0.0839030454,30.92,438.488608582,2.224559
3,8,2009,6.8893722809,30.73,438.4929030974,0.444912
3,9,2009,4.1112492231,29.8,438.4937620009,1.04352
3,10,2009,17.8775637042,29.12,438.4957765182,7.037696
3,11,2009,24.7576134245,26.31,438.509362804,8.137841
3,12,2009,21.6811684276,24.04,438.5250729217,3.858599
3,1,2010,22.0602858919,23.44,438.5325219545,2.284333
3,2,2010,24.2604101927,25.03,438.5369318638,5.85808
3,3,2010,18.6482287135,27.83,438.5482408986,7.298722
3,4,2010,16.218147918,31.39,438.5623310955,1.727179
3,5,2010,4.4095711622,32.91,438.5656654179,0.596951
3,6,2010,2.6507147296,33,438.5668178329,0.85961
3,7,2010,4.3039154755,31.34,438.5684773117,4.218454
3,8,2010,0.2703542573,29.98,438.5766210453,5.332763
3,9,2010,7.1131137352,29.85,438.5869159545,3.072308
3,10,2010,10.9540087011,29.04,438.5928470511,1.520235
3,11,2010,23.9185829708,26.08,438.5957818677,4.130902
3,12,2010,24.9813548788,23.65,438.603756582,4.250292
3,1,2011,24.6892479801,22.5,438.6119617789,1.941779
3,2,2011,19.2013673089,24.73,438.615710387,0.939571
3,3,2011,16.9390926041,28.21,438.6175242306,0.767316
3,4,2011,9.0957116221,32.02,438.6190055356,3.609517
3,5,2011,7.8154133002,32.64,438.6259737152,5.40253
3,6,2011,3.7072715973,32.07,438.6364033098,3.648665
3,7,2011,2.1845866998,30.36,438.6434470646,1.518972
3,8,2011,6.1684275948,30.09,438.646379443,3.664325
3,9,2011,8.7165941579,30.04,438.6534534294,2.341097
3,10,2011,18.4120571784,29.2,438.6579729217,5.488658
3,11,2011,24.1423244251,26.36,438.6685687866,2.505521
3,12,2011,18.4493474208,23.63,438.6734056997,1.315399
3,1,2012,24.1361093847,22,438.67594508,8.240433
3,2,2012,22.7936606588,22.83,438.6918532518,12.99986
3,3,2012,19.4437538844,26.68,438.7169495067,9.71909
3,4,2012,12.6382846489,30.01,438.7357122287,2.849495
3,5,2012,2.8993163456,33.32,438.7412131843,6.315098
3,6,2012,3.9123679304,33.25,438.7534044932,3.519512
3,7,2012,4.7078931013,31.44,438.7601989179,9.557362
3,8,2012,6.7277812306,30.68,438.7786494237,2.926509
3,9,2012,5.7085146053,30.12,438.7842990549,6.715568
3,10,2012,10.6370416408,30.67,438.7972634719,26.153747
3,11,2012,22.65692977,27.52,438.847753331,37.605638
3,12,2012,24.9751398384,23.82,438.9203510877,21.894907
3,1,2013,24.1796146675,22.28,438.962619248,6.090374
3,2,2013,23.9123679304,23.69,438.9743767267,22.952528
3,3,2013,22.6817899316,27.31,439.0186866264,12.248924
3,4,2013,11.7930391548,31.93,439.0423331978,9.082535
3,5,2013,16.8085767557,34.11,439.0598670491,3.007311
3,6,2013,2.3896830329,32.19,439.0656726688,18.793803
3,7,2013,5.5407085146,31.01,439.1019541418,56.707138
3,8,2013,1.0596643878,30.3,439.2114273812,39.18595
3,9,2013,0.8545680547,29.92,439.2870759333,23.10403
3,10,2013,0.9477936607,29.55,439.3316783078,12.604953
3,11,2013,21.5817277812,27.6,439.3560121939,44.829394
3,12,2013,24.5587321318,24.72,439.4425554256,25.11143
3,1,2014,24.7638284649,24.46,439.4910330897,6.491048
3,2,2014,24.6208825357,24.01,439.5035640704,2.585986
3,3,2014,16.3859540087,27.04,439.5085563213,19.137785
3,4,2014,11.0285891858,31.79,439.5455018522,35.287154
3,5,2014,2.5077688005,32.68,439.6136237711,27.670792
3,6,2014,10.6619018024,31.92,439.6670422885,24.466257
3,7,2014,14.6830329397,31.05,439.7142744449,16.194083
3,8,2014,10.3822249845,29.58,439.7455371534,51.734619
3,9,2014,2.3834679925,30.67,439.8454109352,24.898496
3,10,2014,20.2952144189,29.87,439.8934775298,4.501255
3,11,2014,21.749533872,27.78,439.9021672113,2.399675
3,12,2014,24.7203231821,24.44,439.9067997885,9.785012
3,1,2015,23.9123679304,23.57,439.9256897731,17.330592
3,2,2015,23.875077688,25.26,439.9591465144,22.053783
3,3,2015,23.9247980112,28.86,440.001721385,19.772863
3,4,2015,15.609073959,32.42,440.0398929352,18.408711
3,5,2015,16.7526413922,33.02,440.0754309874,54.199353
3,6,2015,2.7252952144,33.12,440.180062943,19.934214
3,7,2015,0.077688005,30.61,440.2185459816,2.207579
3,8,2015,1.8241143567,29.55,440.2228077171,2.398266
3,9,2015,1.6935985084,29.59,440.2274375742,9.160351
3,10,2015,18.0950901181,29.35,440.2451216495,10.898544
3,11,2015,19.7296457427,26.88,440.2661613098,16.626513
3,12,2015,24.6457426973,23.73,440.2982588252,18.284031
3,1,2016,22.0851460534,22.67,440.3335561823,19.891922
3,2,2016,23.5021752641,24.36,440.3719575762,41.690003
3,3,2016,13.8626476072,29.22,440.4524402074,16.657229
3,4,2016,13.9247980112,30.79,440.4845970202,2.231072
3,5,2016,8.1385954009,33.06,440.488904109,1.256332
3,6,2016,2.5823492853,31.7,440.4913294603,8.592155
3,7,2016,0.8980733375,29.81,440.5079166321,9.747403
3,8,2016,1.233685519,29.81,440.5267340125,8.931509
3,9,2016,1.7681789932,30.06,440.5439763078,14.5128
3,10,2016,7.1814791796,29.25,440.5719932962,10.693262
3,11,2016,24.7078931013,27.69,440.5926366592,22.852245
3,12,2016,24.8508390305,23.69,440.6367529623,14.317852
4,1,2008,24.6581727781,18.27,398.0524233432,5.815181
4,2,2008,24.4592914854,19.16,398.072069225,2.155903
4,3,2008,23.781852082,23.02,398.079352681,5.07309
4,4,2008,23.844002486,25.73,398.0964914986,12.302083
4,5,2008,14.8321939093,27.06,398.1380525898,8.885904
4,6,2008,8.6357986327,27.76,398.1680725358,10.293319
4,7,2008,1.8178993163,27.48,398.2028472621,8.163005
4,8,2008,19.0522063393,26.61,398.2304249817,12.353262
4,9,2008,2.3026724674,26.34,398.272158975,19.652626
4,10,2008,16.218147918,24.85,398.3385529817,3.339411
4,11,2008,24.9813548788,21.84,398.3498347756,2.040751
4,12,2008,25,18.78,398.3567292047,3.428974
4,1,2009,24.7886886265,18.61,398.3683135763,6.817955
4,2,2009,23.1852082039,22.12,398.3913472081,6.723524
4,3,2009,24.9440646364,24.26,398.4140618162,7.711907
4,4,2009,17.2747047856,27.11,398.440115556,3.519148
4,5,2009,4.2666252331,30.78,398.4520045696,8.933221
4,6,2009,7.9583592293,28.04,398.4821843702,13.088208
4,7,2009,6.1000621504,27.4,398.5264012891,2.215993
4,8,2009,4.1174642635,26.59,398.533887752,2.052312
4,9,2009,8.8036047234,25.92,398.5408212385,3.04699
4,10,2009,14.7576134245,23.84,398.5511151236,4.847484
4,11,2009,24.4468614046,21.1,398.5674917587,5.5148
4,12,2009,24.9316345556,19.24,398.5861228398,5.835867
4,1,2010,24.3412057178,18.3,398.6058386067,2.434358
4,2,2010,22.9552517091,20.5,398.6140627891,5.915553
4,3,2010,24.390926041,23.65,398.6340477655,8.70918
4,4,2010,21.656308266,26.55,398.6634706709,1.375134
4,5,2010,5.422622747,29.8,398.6681163939,1.573351
4,6,2010,2.0913610938,28.03,398.6734317689,2.050312
4,7,2010,2.9117464264,27.26,398.6803584986,2.620187
4,8,2010,8.312616532,26.95,398.6892104817,4.874911
4,9,2010,2.4456183965,26.04,398.7056797756,5.45098
4,10,2010,22.7625854568,23.94,398.7240952486,1.548574
4,11,2010,24.8570540709,21.28,398.7293269175,3.846658
4,12,2010,25,18.39,398.7423223837,5.14746
4,1,2011,23.5767557489,18.23,398.7597124513,0.95667
4,2,2011,24.5835922933,19.35,398.7629444446,1.596481
4,3,2011,22.4642635177,23.21,398.7683379614,3.308738
4,4,2011,17.7097576134,26.81,398.7795161304,2.157078
4,5,2011,5.4101926663,28.33,398.786803556,6.62357
4,6,2011,10.7613424487,28.95,398.8091804817,6.763719
4,7,2011,28.0267246737,26.89,398.8320308837,1.730537
4,8,2011,1.749533872,26.71,398.8378772925,3.448887
4,9,2011,5.6587942822,25.89,398.8495289378,3.863241
4,10,2011,4.7141081417,23.89,398.8625804277,1.578201
4,11,2011,24.2293349907,21.23,398.8679121878,5.008808
4,12,2011,24.9937849596,19.08,398.8848338364,4.308062
4,1,2012,24.9564947172,18.06,398.8993881,4.62099
4,2,2012,22.8185208204,19.97,398.9149995527,14.246555
4,3,2012,22.110006215,24.12,398.963129806,17.548975
4,4,2012,21.7557489124,26.87,399.0224168837,2.24157
4,5,2012,6.2678682411,27.43,399.0299897554,5.777736
4,6,2012,20.7986326911,28.6,399.0495091337,5.430113
4,7,2012,12.0478558111,27.5,399.0678541101,1.857986
4,8,2012,4.6892479801,26.91,399.0741310898,7.389989
4,9,2012,4.6208825357,25.72,399.0990972689,15.073659
4,10,2012,15.4474829086,24.5,399.1500217925,12.028959
4,11,2012,24.7016780609,21.04,399.1906601675,27.588092
4,12,2012,21.6935985084,18.97,399.283863181,34.450652
4,1,2013,24.5898073337,17.53,399.4002505189,5.028649
4,2,2013,23.90615289,19.08,399.4172391979,14.41389
4,3,2013,24.4592914854,23.5,399.4659347723,12.645314
4,4,2013,14.7265382225,27.24,399.5086554277,3.207017
4,5,2013,6.0192666252,27.82,399.5194899446,6.496567
4,6,2013,15.3356121815,27.76,399.541437806,36.397282
4,7,2013,38.4431323804,27.01,399.6644015966,24.960494
4,8,2013,7.0012430081,26.64,399.7487275898,31.669291
4,9,2013,10.5438160348,26.29,399.8557184378,31.280204
4,10,2013,11.9546302051,24.61,399.9613948027,12.668895
4,11,2013,24.6519577377,21.29,400.0041951236,25.591286
4,12,2013,24.9316345556,18.63,400.0906521709,21.56483
4,1,2014,23.781852082,18.65,400.1635063263,1.832729
4,2,2014,24.6892479801,20.7,400.1696979783,5.596782
4,3,2014,24.6581727781,22.87,400.1886060256,36.202192
4,4,2014,19.1951522685,25.3,400.3109107283,15.16641
4,5,2014,13.9496581728,27.69,400.3621486,29.074269
4,6,2014,9.6799254195,28.97,400.4603724817,22.938108
4,7,2014,18.7538844002,27.65,400.5378660898,14.110851
4,8,2014,7.2311995028,27.08,400.5855378837,37.048959
4,9,2014,7.2063393412,25.95,400.7107032858,20.345609
4,10,2014,14.4033561218,24.41,400.7794384513,1.357147
4,11,2014,24.6208825357,20.59,400.7840234074,4.558623
4,12,2014,24.9751398384,18.8,400.7994241608,19.951224
4,1,2015,22.6444996892,18.15,400.8668269446,8.76138
4,2,2015,24.6270975761,19.4,400.8964262013,20.998772
4,3,2015,21.5879428216,22.71,400.9673679986,16.489658
4,4,2015,15.2175264139,26.13,401.0230763027,16.238518
4,5,2015,6.2678682411,27.7,401.0779361608,48.116241
4,6,2015,11.6190180236,27.93,401.240491029,15.713406
4,7,2015,35.2983219391,27.23,401.2935768601,1.369857
4,8,2015,7.4052206339,26.66,401.2982047554,3.184918
4,9,2015,4.8073337477,26.1,401.3089646135,10.422332
4,10,2015,13.5767557489,24.7,401.3441751946,6.655224
4,11,2015,24.8321939093,21.16,401.3666590594,13.436018
4,12,2015,24.5587321318,19.41,401.4120510121,13.082138
4,1,2016,23.8937228092,18.66,401.4562474243,14.45242
4,2,2016,24.8446239901,20.13,401.5050731675,32.186415
4,3,2016,24.6519577377,23.23,401.613811056,11.97438
4,4,2016,22.1783716594,26.44,401.6542650425,0.65182
4,5,2016,11.5071472965,28.88,401.6564671371,1.410403
4,6,2016,24.906774394,28.22,401.6612320121,7.080112
4,7,2016,19.7358607831,27.28,401.6851513094,3.854728
4,8,2016,7.7097576134,26.9,401.6981740391,6.956491
4,9,2016,10.500310752,26.32,401.7216756979,7.585835
4,10,2016,19.5804847732,24.92,401.7473035189,6.310291
4,11,2016,24.8819142324,21.77,401.7686220696,12.614962
4,12,2016,24.7576134245,18.73,401.8112401844,8.237654
5,1,2008,24.6519577377,13.66,368.4100795756,3.404328
5,2,2008,24.6022374145,13.93,368.4192804621,1.498921
5,3,2008,24.9627097576,17.94,368.4233315999,2.845408
5,4,2008,15.9757613424,20.57,368.4310218918,3.074057
5,5,2008,18.9589807334,21.95,368.439330154,4.268113
5,6,2008,4.1796146675,23.35,368.4508655945,6.554602
5,7,2008,10.5562461156,23.91,368.4685807351,2.311894
5,8,2008,6.3424487259,22.77,368.4748290972,3.048652
5,9,2008,8.0329397141,22.03,368.4830686972,6.122709
5,10,2008,20.3200745805,19.67,368.4996165594,2.972436
5,11,2008,24.9192044748,16.22,368.5076501702,1.422704
5,12,2008,23.6699813549,12.74,368.5114953161,2.261084
5,1,2009,24.7451833437,13.62,368.517606354,1.950058
5,2,2009,18.1199502797,16.34,368.522876781,2.950087
5,3,2009,22.8185208204,18.48,368.5308499891,4.975147
5,4,2009,24.2044748291,21.74,368.5442963324,1.300038
5,5,2009,15.2423865755,25.74,368.5478099486,2.175064
5,6,2009,6.8210068365,23.67,368.5536884999,4.050119
5,7,2009,2.1472964574,23.64,368.5646347675,1.200035
5,8,2009,6.9577377253,23.36,368.5678781053,1.050031
5,9,2009,13.4275947794,22.06,368.570716027,1.800053
5,10,2009,17.3803604723,19.12,368.5755810351,1.02503
5,11,2009,23.8502175264,15.6,368.5783513864,4.150122
5,12,2009,24.390926041,14.3,368.5895679324,4.650137
5,1,2010,24.6208825357,13.65,368.6021358702,0.983964
5,2,2010,24.4344313238,14.95,368.6047952324,1.475946
5,3,2010,20.0590428838,17.93,368.6087842756,3.099486
5,4,2010,23.3530142946,21.25,368.6171612648,1.598941
5,5,2010,17.3865755127,24.92,368.621482727,0.762572
5,6,2010,11.047234307,23.65,368.6235437324,1.402148
5,7,2010,10.7986326911,23.67,368.6273333215,1.106959
5,8,2010,10.2889993785,23.36,368.6303251026,3.247081
5,9,2010,10.7489123679,22.39,368.6391009972,2.509108
5,10,2010,19.5121193288,19.07,368.6458823702,1.279153
5,11,2010,21.3331261653,15.85,368.6493395405,1.106959
5,12,2010,24.9813548788,13.17,368.6523313215,2.533707
5,1,2011,22.3958980733,13.2,368.6591791783,0.895347
5,2,2011,23.8004972032,14.52,368.6615990351,2.323063
5,3,2011,24.3474207582,17.82,368.6678775837,2.20207
5,4,2011,21.1591050342,21.24,368.6738291242,1.548709
5,5,2011,17.2125543816,23.42,368.6780148242,6.340026
5,6,2011,5.9819763828,24.38,368.6951500297,3.968566
5,7,2011,6.4170292107,23.38,368.7058758837,1.572907
5,8,2011,1.016159105,23.48,368.7101269837,1.621304
5,9,2011,15.7458048477,21.74,368.7145088864,2.081077
5,10,2011,22.0167806091,19.21,368.7201334188,0.895347
5,11,2011,22.781230578,15.79,368.7225532756,3.436197
5,12,2011,25,14.11,368.7318402945,3.702382
5,1,2012,22.7315102548,13.32,368.7418467324,2.713393
5,2,2012,24.3722809198,14.9,368.749180227,11.020183
5,3,2012,24.1796146675,18.35,368.7789645053,6.950094
5,4,2012,21.4325668117,21.66,368.7977485432,1.451903
5,5,2012,21.687383468,22.58,368.8016726053,2.380169
5,6,2012,10.1833436917,23.94,368.8081054945,3.09422
5,7,2012,7.6227470479,24.05,368.8164682513,1.11868
5,8,2012,1.2523306401,23.58,368.8194917107,3.665461
5,9,2012,13.9558732132,22.13,368.8293983621,9.044643
5,10,2012,21.7743940336,19.58,368.8538433432,4.403313
5,11,2012,25,15.92,368.8657441891,13.352749
5,12,2012,25,14.13,368.9018326999,12.257871
5,1,2013,24.4903666874,12.51,368.934962081,3.628785
5,2,2013,24.6706028589,13.59,368.944769608,5.080299
5,3,2013,24.9813548788,17.68,368.9585001459,5.24418
5,4,2013,22.6072094469,21.95,368.9726736053,1.24081
5,5,2013,20.9664387819,23.08,368.9760271459,4.050192
5,6,2013,13.7383467993,23.62,368.9869736107,20.883073
5,7,2013,5.8576755749,23.72,369.0434143486,7.398039
5,8,2013,8.797389683,23.21,369.0634090486,11.448232
5,9,2013,9.1640770665,22.17,369.0943502161,11.658935
5,10,2013,19.8974518334,19.79,369.1258608513,11.401409
5,11,2013,21.1155997514,16.38,369.1566754702,8.498381
5,12,2013,25,13.13,369.1796440675,9.458253
5,1,2014,23.359229335,13.77,369.2052069134,0.7831
5,2,2014,24.4095711622,15.49,369.2073233999,3.316659
5,3,2014,18.0826600373,17.94,369.2162873432,20.406664
5,4,2014,23.4089496582,20.16,369.2714404891,5.87325
5,5,2014,19.6861404599,22.98,369.2873141378,8.982617
5,6,2014,18.5550031075,24.38,369.311591481,6.587253
5,7,2014,11.0037290242,24.09,369.3293948675,10.1803
5,8,2014,1.8054692356,23.89,369.3569091918,6.402994
5,9,2014,9.8539465507,22.39,369.374214581,8.752294
5,10,2014,20.0963331262,19.46,369.3978694297,0.621874
5,11,2014,24.9440646364,14.88,369.3995501702,2.763882
5,12,2014,24.4344313238,13.46,369.4070201215,7.278223
5,1,2015,23.0360472343,13.1,369.4266909945,4.238702
5,2,2015,22.6755748912,14.51,369.4381469459,8.477404
5,3,2015,24.4344313238,17.33,369.4610588486,5.032042
5,4,2015,23.6140459913,20.74,369.4746589621,9.089409
5,5,2015,18.9900559354,22.82,369.4992249324,6.029383
5,6,2015,10.8483530143,23.53,369.5155205621,6.05205
5,7,2015,5.2734617775,23.79,369.531877454,0.589338
5,8,2015,11.0410192666,23.43,369.5334702594,2.312019
5,9,2015,14.9564947172,21.96,369.5397189594,3.876032
5,10,2015,21.3579863269,19.85,369.5501947215,3.762698
5,11,2015,24.7700435053,16.05,369.5603641756,7.185393
5,12,2015,25,14.5,369.5797841567,3.649364
5,1,2016,22.3399627098,13.99,369.5896473026,7.743303
5,2,2016,24.1796146675,15.16,369.6105751486,5.377913
5,3,2016,22.5885643257,17.74,369.6251100486,6.002733
5,4,2016,22.4021131137,21.17,369.6413336513,0.557875
5,5,2016,21.7371037912,23.68,369.6428414215,2.097609
5,6,2016,12.0665009323,23.72,369.6485106351,2.410019
5,7,2016,0.2268489745,23.69,369.6550241999,3.191044
5,8,2016,6.5226848975,23.29,369.6636486432,7.520153
5,9,2016,14.5400870106,22.22,369.683973381,2.008349
5,10,2016,8.5550031075,20.05,369.6894013513,3.034839
5,11,2016,25,16.63,369.6976036188,3.793549
5,12,2016,23.0484773151,14,369.707856454,4.061329
6,1,2008,23.7756370416,24.57,356.9970220369,4.342776
6,2,2008,23.8253573648,24.54,357.0028906531,2.227064
6,3,2008,24.3474207582,29.02,357.0059001991,6.935715
6,4,2008,22.8495960224,32.65,357.0152727869,4.931357
6,5,2008,20.4443753884,33.46,357.0219367828,3.197428
6,6,2008,15.4101926663,33.36,357.0262576315,15.668989
6,7,2008,0.5065257924,30.4,357.047431941,7.30159
6,8,2008,6.6532007458,30.7,357.0572989545,5.169971
6,9,2008,8.4928527035,30.16,357.0642854018,15.716712
6,10,2008,10.7986326911,29.39,357.0855242018,3.308782
6,11,2008,22.1286513362,26.94,357.0899955288,1.511222
6,12,2008,24.3163455562,24.58,357.0920377207,6.140335
6,1,2009,23.4897451833,24.13,357.1003354707,3.53785
6,2,2009,23.9310130516,24.89,357.1051163491,3.929205
6,3,2009,20.8794282163,28.82,357.1104260855,14.323597
6,4,2009,21.4636420137,32.08,357.1297822977,5.056308
6,5,2009,18.3188315724,32.61,357.1366151464,4.273598
6,6,2009,19.2821628341,32.91,357.1423902788,11.051869
6,7,2009,4.484151647,30.99,357.1573252369,2.019392
6,8,2009,7.5108763207,30.34,357.160054145,2.833411
6,9,2009,3.6140459913,30.83,357.1638830788,5.181542
6,10,2009,22.7377252952,29.68,357.1708851626,3.35
6,11,2009,24.9564947172,27.35,357.1754121896,4.61799
6,12,2009,24.9751398384,24.52,357.1816527166,14.448831
6,1,2010,22.750155376,22.85,357.2011781639,4.220344
6,2,2010,24.9627097576,25.38,357.2068813315,3.773666
6,3,2010,24.2417650715,28.71,357.2119808801,10.212001
6,4,2010,24.3847110006,30.53,357.2257808815,2.233394
6,5,2010,21.3144810441,32.05,357.2287989815,2.680073
6,6,2010,11.4077066501,32.04,357.2324207018,4.020109
6,7,2010,4.6643878185,30.78,357.2378532815,2.387421
6,8,2010,6.5288999378,29.31,357.2410795261,6.00706
6,9,2010,11.7060285892,29.49,357.2491971747,13.862445
6,10,2010,22.1845866998,28.98,357.2679302085,3.311584
6,11,2010,25,27.05,357.272405322,3.311584
6,12,2010,25,24.73,357.2768804355,9.210825
6,1,2011,24.3412057178,22.76,357.2893274964,1.893991
6,2,2011,24.9627097576,26.29,357.2918869437,5.924404
6,3,2011,24.8694841516,28.61,357.299892895,8.045674
6,4,2011,21.7246737104,31.95,357.3107654274,2.894018
6,5,2011,21.233685519,33.29,357.3146762626,10.697261
6,6,2011,8.9154754506,32.67,357.3291320207,25.318872
6,7,2011,1.2709757613,31.04,357.3633467126,5.197111
6,8,2011,2.0851460534,30.1,357.3703698355,3.681919
6,9,2011,10.2144188937,30.77,357.3753454018,10.818477
6,10,2011,11.56308266,29.75,357.3899649653,4.272844
6,11,2011,24.4717215662,26.77,357.3957390788,12.409429
6,12,2011,25,24.31,357.4125085774,17.788364
6,1,2012,24.0428837787,22.28,357.4365469072,4.009021
6,2,2012,23.6699813549,25.93,357.4419645031,25.156978
6,3,2012,22.6817899316,29.09,357.4759604193,69.44995
6,4,2012,23.4338098198,30.24,357.5698117031,11.878028
6,5,2012,20.3697949037,34.24,357.5858630923,6.393568
6,6,2012,14.7389683033,33.07,357.5945030491,21.460929
6,7,2012,10.1211932878,30.63,357.6235043045,5.48446
6,8,2012,5.546923555,29.81,357.6309157369,18.226886
6,9,2012,8.1696706029,29.89,357.6555466639,76.156491
6,10,2012,15.7271597265,29.56,357.758460841,5.976273
6,11,2012,17.1939092604,26.88,357.7665368855,35.783118
6,12,2012,25,24.2,357.8148924504,90.851266
6,1,2013,24.328775637,23.34,357.9376644315,22.941512
6,2,2013,24.9813548788,24.92,357.9686664747,19.775144
6,3,2013,23.8004972032,28.06,357.9953896423,70.774199
6,4,2013,23.2287134866,30.96,358.0910304518,3.13705
6,5,2013,17.0633934121,33.49,358.0952697085,11.507404
6,6,2013,2.4207582349,33.17,358.1108202545,147.324089
6,7,2013,11.5444375388,30.37,358.3099068612,7.44683
6,8,2013,4.8135487881,30.76,358.319970145,28.878453
6,9,2013,13.1852082039,30.56,358.3589950815,45.369956
6,10,2013,24.5338719702,28.83,358.4203058328,25.975949
6,11,2013,24.6830329397,26.69,358.4554084666,26.342427
6,12,2013,24.7762585457,23.27,358.491006341,115.850973
6,1,2014,24.328775637,22.95,358.6475617099,2.394002
6,2,2014,24.9813548788,23.68,358.6507968477,7.109898
6,3,2014,23.8004972032,28.9,358.660404818,89.270327
6,4,2014,23.2287134866,32.33,358.781040395,4.932222
6,5,2014,17.0633934121,33.99,358.7877055599,18.012704
6,6,2014,2.4207582349,31.1,358.8120470518,21.502756
6,7,2014,11.5444375388,30.69,358.8411048301,16.772438
6,8,2014,4.8135487881,30.24,358.8637702869,26.218652
6,9,2014,13.1852082039,30.33,358.8992008977,70.017357
6,10,2014,24.5338719702,29.35,358.9938189477,1.730604
6,11,2014,24.6830329397,26.45,358.9961576018,7.268537
6,12,2014,24.7762585457,24.34,359.0059799491,27.386809
6,1,2015,24.7949036669,23.61,359.0429891504,3.406283
6,2,2015,23.8688626476,24.89,359.0475922355,14.292196
6,3,2015,21.8489745183,27.34,359.0669060139,13.000647
6,4,2015,23.328154133,31.03,359.0844744558,10.261428
6,5,2015,21.8178993163,33.97,359.0983412504,22.722747
6,6,2015,14.2355500311,32.51,359.1290476653,28.144414
6,7,2015,9.891236793,30.73,359.1670806572,1.816684
6,8,2015,6.1124922312,30.47,359.1695356355,2.937919
6,9,2015,14.6084524549,30.54,359.1735057964,9.693714
6,10,2015,22.2094468614,29.36,359.1866054099,2.824376
6,11,2015,24.9005593536,26.94,359.1904221342,13.085804
6,12,2015,25,24.85,359.2081056531,6.613866
6,1,2016,23.7569919204,23.79,359.2170433099,7.852561
6,2,2016,24.9875699192,25.12,359.2276548788,17.591413
6,3,2016,24.8819142324,27.31,359.2514270585,14.908687
6,4,2016,24.1361093847,31.38,359.2715739328,1.229582
6,5,2016,22.1037911746,33.29,359.2732355301,3.199709
6,6,2016,9.6488502175,32.48,359.2775594612,4.876412
6,7,2016,1.8365444375,30.92,359.2841492072,2.109852
6,8,2016,6.640770665,29.96,359.2870003585,11.178022
6,9,2016,4.5649471722,30.51,359.3021057937,4.792577
6,10,2016,21.8365444375,29.97,359.3085822491,4.093951
6,11,2016,23.1354878807,27.47,359.3141146153,11.16405
6,12,2016,24.9937849596,24.4,359.3292011693,8.411462
7,1,2008,22.6134244873,18.07,304.7887041622,16.333128
7,2,2008,21.687383468,20.06,304.8181332217,7.002854
7,3,2008,21.171535115,23.87,304.8307509766,16.559691
7,4,2008,22.9552517091,26.79,304.8605882577,13.099457
7,5,2008,20.8856432567,28.82,304.8841908829,12.357979
7,6,2008,22.4207582349,28.81,304.9064575118,43.438294
7,7,2008,1.1218147918,27.28,304.9847247081,13.38781
7,8,2008,6.7464263518,26.62,305.0088468883,15.838809
7,9,2008,4.937849596,26.03,305.0373852829,35.632171
7,10,2008,23.6761963953,24.56,305.1015873928,9.906979
7,11,2008,25,21.85,305.1194378054,5.56109
7,12,2008,24.8321939093,18.75,305.1294577874,13.51139
7,1,2009,22.1535114978,18.32,305.1538026343,11.431455
7,2,2009,17.0136730889,19.47,305.1743998505,12.627299
7,3,2009,22.7688004972,23.31,305.1971517406,32.8553
7,4,2009,24.8943443132,25.56,305.2563504793,8.431712
7,5,2009,22.8931013052,27.82,305.2715427532,10.418028
7,6,2009,14.3784959602,27.8,305.2903139748,24.666811
7,7,2009,2.8993163456,27.16,305.3347586793,4.864449
7,8,2009,9.3629583592,26.66,305.3435234523,5.249551
7,9,2009,13.4773151025,26.26,305.3529821027,9.830241
7,10,2009,18.983840895,24.2,305.3706942487,9.262722
7,11,2009,24.5587321318,21.81,305.3873838379,14.309588
7,12,2009,24.9316345556,19.02,305.4131668793,27.828702
7,1,2010,24.875699192,18,305.4633086847,5.344702
7,2,2010,21.3144810441,19.07,305.4729387784,8.575455
7,3,2010,20.2765692977,22.54,305.4883900487,27.162256
7,4,2010,23.3654443754,25.63,305.5373310505,4.287728
7,5,2010,23.297078931,28.93,305.5450566865,4.02847
7,6,2010,3.9869484152,28.39,305.552315191,6.042705
7,7,2010,10.6805469236,27.42,305.5632029478,5.584017
7,8,2010,4.1733996271,27.11,305.5732642397,14.578274
7,9,2010,12.5574891237,26.08,305.5995314,15.23639
7,10,2010,24.8943443132,24.49,305.626984355,3.829041
7,11,2010,25,21.51,305.633883528,4.886015
7,12,2010,23.4586699814,19.32,305.6426871586,18.945773
7,1,2011,24.2417650715,17.33,305.6768236865,4.002115
7,2,2011,22.1162212554,19.37,305.6840347045,4.590661
7,3,2011,24.7016780609,23.28,305.6923061658,7.964993
7,4,2011,24.9627097576,25.52,305.7066575045,4.610279
7,5,2011,21.9794903667,28.31,305.7149643136,18.244935
7,6,2011,11.9422001243,28.81,305.7478380703,13.948547
7,7,2011,4.7265382225,27.39,305.7729705874,5.296917
7,8,2011,2.1286513362,26.98,305.782514582,3.904024
7,9,2011,14.3349906774,26.51,305.7895488595,12.830309
7,10,2011,23.4151646986,24.36,305.8126665334,5.650044
7,11,2011,24.9937849596,21.15,305.8228467928,10.122996
7,12,2011,24.9937849596,17.98,305.8410864253,8.514303
7,1,2012,23.7134866377,18.31,305.8564275118,4.882002
7,2,2012,24.4406463642,20.73,305.8652239118,31.568994
7,3,2012,24.8508390305,23.02,305.922104982,16.556355
7,4,2012,23.4835301429,26.86,305.9519362523,7.294059
7,5,2012,22.2840273462,28.48,305.9650787009,6.155568
7,6,2012,9.1205717837,28.14,305.9761698145,17.443992
7,7,2012,8.3064014916,27.47,306.0076004307,6.059086
7,8,2012,4.2106898695,27.04,306.0185177027,13.951334
7,9,2012,9.7917961467,26.31,306.0436552415,26.841364
7,10,2012,19.7669359851,24.98,306.0920180595,7.911545
7,11,2012,24.4157862026,21.6,306.1062730955,42.297821
7,12,2012,24.9813548788,20.08,306.1824853856,39.75069
7,1,2013,24.8943443132,17.72,306.2541082505,10.55295
7,2,2013,23.4400248602,19.84,306.2731225748,12.792605
7,3,2013,24.0553138595,23.55,306.2961723136,45.153719
7,4,2013,23.1541330019,26.88,306.3775303658,5.750978
7,5,2013,22.3648228713,28.82,306.3878924883,23.459435
7,6,2013,17.218769422,28.82,306.4301617406,65.272652
7,7,2013,2.5201988813,27.41,306.5477701226,10.837652
7,8,2013,3.3965195774,27.46,306.5672974235,53.144352
7,9,2013,18.2442510876,26.28,306.6630530127,41.054012
7,10,2013,22.8682411436,24.67,306.7370242054,14.424896
7,11,2013,21.8178993163,21.78,306.763015009,26.477275
7,12,2013,25,19.07,306.8107218108,94.369185
7,1,2014,24.5214418894,18.25,306.9807563784,4.462783
7,2,2014,22.719080174,19.36,306.9887974289,23.434277
7,3,2014,22.9241765071,22.72,307.0310213514,77.697234
7,4,2014,24.3349906774,26.68,307.1710163676,11.48373
7,5,2014,21.3579863269,28.71,307.191707773,42.144354
7,6,2014,15.6960845245,28.16,307.267643546,33.741625
7,7,2014,8.2069608452,27.15,307.3284392667,16.114567
7,8,2014,11.2958359229,26.72,307.3574745226,41.192045
7,9,2014,11.656308266,26.28,307.4316944235,68.09945
7,10,2014,21.2709757613,24.84,307.5543961352,4.630837
7,11,2014,22.5201988813,21.58,307.5627399856,16.973513
7,12,2014,24.9937849596,18.79,307.5933228919,34.413843
7,1,2015,24.8943443132,19.01,307.6553298163,8.489907
7,2,2015,22.5077688005,19.36,307.670626946,41.493959
7,3,2015,23.937228092,23.37,307.7453908361,19.7179
7,4,2015,24.4406463642,26.71,307.7809185838,14.370361
7,5,2015,18.343691734,28.35,307.8068111262,57.775468
7,6,2015,7.1628340584,27.86,307.9109110685,75.986501
7,7,2015,2.65692977,27.24,308.0478236829,1.819266
7,8,2015,1.8303293971,26.83,308.0511016397,11.613898
7,9,2015,9.3878185208,26.41,308.072027582,17.788376
7,10,2015,7.7781230578,24.7,308.1040787099,8.875811
7,11,2015,24.9254195152,20.79,308.1200711622,46.731239
7,12,2015,24.968924798,18.4,308.2042715928,13.690434
7,1,2016,18.6047234307,18.36,308.2289390415,16.499137
7,2,2016,23.9931634556,19.05,308.2586672163,49.82305
7,3,2016,23.5394655065,22.45,308.3484384775,72.835004
7,4,2016,23.8191423244,25.72,308.479672719,0.018091
7,5,2016,20.7799875699,28.34,308.4797053154,8.937032
7,6,2016,2.172156619,28.21,308.4958080757,8.539027
7,7,2016,4.3784959602,27.03,308.5111937099,7.363101
7,8,2016,0.2517091361,26.63,308.5244605586,34.680751
7,9,2016,11.594157862,25.6,308.5869483982,10.293869
7,10,2016,19.5680546924,24.07,308.6054959099,9.389311
7,11,2016,24.7886886265,21.03,308.6224135874,32.093715
7,12,2016,24.9937849596,18.33,308.6802401009,54.562934
8,1,2008,24.0055935364,13.17,263.7358047016,2.609934
8,2,2008,23.1292728403,13.62,263.7412307598,1.221022
8,3,2008,22.9738968303,17.13,263.7437692671,9.752912
8,4,2008,23.6699813549,20.26,263.7640455914,2.777825
8,5,2008,20.1833436917,23.46,263.7698206954,0.702088
8,6,2008,21.8614045991,24.06,263.7712803378,8.63873
8,7,2008,0.4257302672,23.75,263.7892402754,11.00446
8,8,2008,5.7830950901,23.24,263.8121185706,2.304679
8,9,2008,3.0049720323,21.97,263.8169100031,7.387183
8,10,2008,24.2790553139,19.2,263.8322679719,1.633117
8,11,2008,25,15.26,263.8356632255,1.007343
8,12,2008,24.9627097576,12.69,263.8377574937,9.569759
8,1,2009,24.1050341827,13.82,263.8576530426,1.757299
8,2,2009,21.4636420137,13.56,263.8613064708,0.660864
8,3,2009,24.4655065258,17.61,263.8626804085,7.840256
8,4,2009,24.9440646364,20.09,263.878980317,8.771474
8,5,2009,22.2218769422,23.1,263.8972162297,2.403144
8,6,2009,13.1106277191,23.45,263.902212371,5.752525
8,7,2009,2.2405220634,23.45,263.9141718825,1.6822
8,8,2009,1.7308887508,23.66,263.9176691798,0.525688
8,9,2009,17.6227470479,22.41,263.9187620862,9.462378
8,10,2009,22.9552517091,20.98,263.9384343898,1.486945
8,11,2009,24.9751398384,17.02,263.9415257515,0.540707
8,12,2009,25,13.48,263.9426498825,5.54225
8,1,2010,24.9192044748,13.42,263.9541722317,8.88179
8,2,2010,21.5692977004,15.64,263.9726374916,1.965521
8,3,2010,22.5512740833,17.37,263.9767238139,4.403949
8,4,2010,23.3219390926,21.71,263.985879633,0.871923
8,5,2010,22.9552517091,23.66,263.9876923627,0.280789
8,6,2010,10.5686761964,24.07,263.9882761236,5.275872
8,7,2010,7.4487259167,23.86,263.9992446725,0.827588
8,8,2010,9.9471721566,23.4,264.0009652297,0.798031
8,9,2010,12.141081417,22.22,264.0026243378,3.000006
8,10,2010,24.7016780609,19.61,264.0088613565,5.896563
8,11,2010,25,15.49,264.0211203232,1.004928
8,12,2010,24.8694841516,13.7,264.0232095706,3.783258
8,1,2011,24.0863890615,13.26,264.0310749719,0.872264
8,2,2011,22.6009944065,15.2,264.0328884105,0.610585
8,3,2011,24.6208825357,19.21,264.034157818,10.19095
8,4,2011,24.8632691112,21.47,264.0553448243,0.872264
8,5,2011,22.719080174,23.91,264.0571582629,0.95949
8,6,2011,19.1578620261,24.39,264.0591530446,3.736197
8,7,2011,12.4269732753,23.84,264.066920606,7.268866
8,8,2011,14.6022374145,23.45,264.0820325935,0.63966
8,9,2011,15.6836544438,22.37,264.083362448,4.724763
8,10,2011,23.421379739,19.54,264.0931852401,1.788141
8,11,2011,25,15.8,264.0969027889,0.785038
8,12,2011,24.9813548788,14.03,264.0985348846,16.543939
8,1,2012,24.8508390305,12.75,264.1329297681,0.61487
8,2,2012,24.7016780609,15.28,264.1342080841,1.687317
8,3,2012,24.5898073337,18.03,264.1377160197,5.305041
8,4,2012,24.6457426973,21.51,264.148745211,6.734971
8,5,2012,21.7992541952,23.79,264.1627472297,0.872257
8,6,2012,7.6289620883,23.96,264.1645606538,6.74927
8,7,2012,2.3088875078,23.44,264.1785924001,2.359385
8,8,2012,4.5649471722,23.2,264.1834975665,0.672067
8,9,2012,8.9341205718,22.51,264.1848947952,29.985633
8,10,2012,20.4133001865,18.8,264.2472349885,0.443278
8,11,2012,23.6513362337,15.26,264.2481565644,1.658719
8,12,2012,25,13.46,264.2516050446,7.807418
8,1,2013,25,13.37,264.2678366829,9.296895
8,2,2013,22.6382846489,14.67,264.2871649469,2.503551
8,3,2013,23.875077688,18.46,264.2923698347,12.152068
8,4,2013,24.9129894344,19.9,264.3176340093,0.829829
8,5,2013,18.405842138,22.51,264.3193592255,0.956413
8,6,2013,1.3890615289,23.68,264.3213476101,36.217101
8,7,2013,8.9154754506,23.4,264.3966430384,1.589333
8,8,2013,2.4394033561,23.46,264.399947265,3.375574
8,9,2013,8.2007458048,22.4,264.4069650904,6.160423
8,10,2013,21.2088253574,19.86,264.4197726226,8.171703
8,11,2013,24.968924798,15.43,264.4367616101,2.306643
8,12,2013,22.9614667495,13.1,264.4415571257,12.644339
8,1,2014,24.4903666874,12.86,264.4678447328,0.968597
8,2,2014,21.4512119329,13.66,264.469858448,1.90952
8,3,2014,23.6016159105,18.04,264.473828344,27.148397
8,4,2014,24.6022374145,21.4,264.5302699178,0.982434
8,5,2014,20.4940957116,23.79,264.5323124001,3.68067
8,6,2014,15.7333747669,23.62,264.5399645207,1.923357
8,7,2014,5.031075202,23.41,264.5439631839,4.068108
8,8,2014,0.7924176507,23,264.5524207889,2.130914
8,9,2014,13.4959602237,22.25,264.5568509636,7.984009
8,10,2014,20.3200745805,19.84,264.5734497349,0.193719
8,11,2014,22.719080174,15.9,264.5738524771,2.698235
8,12,2014,24.9813548788,13.64,264.5794621132,9.796669
8,1,2015,24.8321939093,13.42,264.5998294085,0.599171
8,2,2015,23.7756370416,13.78,264.6010750862,4.030788
8,3,2015,24.5090118086,16.87,264.6094551028,2.042629
8,4,2015,24.6395276569,20.47,264.6137017328,2.560095
8,5,2015,18.5798632691,22.94,264.6190241756,4.275903
8,6,2015,10.8421379739,23.76,264.6279137868,5.024867
8,7,2015,4.5711622126,23.82,264.6383604958,3.25
8,8,2015,9.5059042884,23.33,264.6383604958,2.137952
8,9,2015,8.0888750777,22,264.6428053024,5.596803
8,10,2015,17.7594779366,19.59,264.6544410675,0.531084
8,11,2015,25,16.9,264.6555451922,3.772055
8,12,2015,24.9875699192,14.68,264.6633873024,0.544701
8,1,2016,22.5015537601,14.25,264.6645197369,2.547166
8,2,2016,24.5214418894,14.9,264.6698153004,5.737827
8,3,2016,24.7638284649,18.25,264.6817442546,4.12909
8,4,2016,24.2790553139,21.95,264.6903286413,9.6
8,5,2016,22.3710379117,23.33,264.6903286413,2.681228
8,6,2016,12.8806712244,24.29,264.6959029199,2.372886
8,7,2016,0.9664387819,24.2,264.7008361548,0.160874
8,8,2016,10.6991920447,23.31,264.7011706122,1.474675
8,9,2016,9.7855811063,22.77,264.7042364646,1.997515
8,10,2016,21.3579863269,20.31,264.7083893024,0.656901
8,11,2016,25,16.83,264.709755001,2.091357
8,12,2016,24.9564947172,14.65,264.7141029365,2.667821
9,1,2008,23.2846488502,22.95,230.5556193209,3.925287
9,2,2008,24.6457426973,23.68,230.5618598408,2.243021
9,3,2008,25,28.9,230.5654258519,5.067566
9,4,2008,24.7265382225,32.33,230.5734823956,2.222252
9,5,2008,24.8197638285,33.99,230.5770153877,6.189076
9,6,2008,16.9080174021,31.1,230.5868549362,12.461227
9,7,2008,2.1472964574,30.69,230.6066661079,8.286716
9,8,2008,2.2280919826,30.24,230.6198405371,9.948213
9,9,2008,6.4108141703,30.33,230.635656456,12.668915
9,10,2008,24.8073337477,29.35,230.6557978153,4.984491
9,11,2008,24.9627097576,26.45,230.6637222843,1.536885
9,12,2008,24.0366687383,24.34,230.6661656627,4.589885
9,1,2009,24.2852703543,28.7,230.6734627772,2.391232
9,2,2009,24.546302051,23.61,230.6772644179,4.864216
9,3,2009,24.937849596,24.89,230.6849976707,12.916741
9,4,2009,24.9875699192,27.34,230.70553303,6.110927
9,5,2009,24.8632691112,31.03,230.7152483352,9.176609
9,6,2009,22.3834679925,33.97,230.7298375387,9.197047
9,7,2009,6.1311373524,32.51,230.7444592351,5.804358
9,8,2009,10.0901180858,30.73,230.7536871492,2.186853
9,9,2009,8.4493474208,30.47,230.757163863,5.272973
9,10,2009,23.1852082039,30.54,230.765546968,2.6978
9,11,2009,24.3101305158,29.36,230.7698359982,6.151802
9,12,2009,24.484151647,26.94,230.7796162875,14.837902
9,1,2010,24.2977004351,24.85,230.8032059568,4.946947
9,2,2010,24.8446239901,23.79,230.8110707374,8.345459
9,3,2010,22.2280919826,25.12,230.8243385578,8.606883
9,4,2010,24.1298943443,27.31,230.8380219966,5.127933
9,5,2010,23.8191423244,31.38,230.8461745133,2.091392
9,6,2010,23.8377874456,33.29,230.8494994608,3.981689
9,7,2010,2.2840273462,32.48,230.85582965,2.091392
9,8,2010,8.8533250466,30.92,230.8591545975,7.038339
9,9,2010,11.0037290242,29.96,230.8703443257,12.447806
9,10,2010,23.3343691734,30.51,230.8901341603,6.656258
9,11,2010,24.968924798,29.97,230.9007164465,5.650781
9,12,2010,24.906774394,27.47,230.9097002001,6.515491
9,1,2011,23.452454941,24.4,230.9200586913,5.677467
9,2,2011,19.7607209447,23.18,230.929084871,2.927753
9,3,2011,24.9564947172,25.79,230.9337394862,5.934635
9,4,2011,24.2106898695,29.83,230.943174518,2.176033
9,5,2011,24.2728402735,32.8,230.94663403,11.69123
9,6,2011,17.641392169,33.84,230.9652210411,14.440945
9,7,2011,6.9266625233,32.79,230.9881796182,11.354934
9,8,2011,18.0329397141,31.29,231.0062319775,9.020645
9,9,2011,20.9477936607,31.12,231.0205732255,8.644785
9,10,2011,20.7364822871,30.3,231.0343169219,4.272937
9,11,2011,24.9813548788,30.52,231.0411101444,4.174026
9,12,2011,24.0615288999,27.35,231.0477461158,15.33114
9,1,2012,22.3648228713,24.98,231.0721199473,1.965225
9,2,2012,24.9129894344,22.99,231.0752443114,13.386878
9,3,2012,24.1920447483,25.07,231.0965271063,15.682884
9,4,2012,24.8943443132,29.59,231.1214601492,17.628651
9,5,2012,24.5898073337,31.98,231.1494866214,16.402817
9,6,2012,14.8259788689,33.82,231.1755642319,13.503624
9,7,2012,7.1814791796,33.31,231.1970326325,4.202857
9,8,2012,2.9614667495,30.71,231.2037144401,4.027738
9,9,2012,21.9857054071,29.96,231.2101178392,19.068518
9,10,2012,21.687383468,29.99,231.2404334481,3.015939
9,11,2012,25,30.03,231.2452282637,11.460569
9,12,2012,22.327532629,27.78,231.2634485641,12.161045
9,1,2013,24.0801740211,23.88,231.282782499,20.516691
9,2,2013,23.8502175264,22.97,231.3154004497,21.511904
9,3,2013,24.8197638285,25.12,231.349600615,17.818134
9,4,2013,22.7004350528,29.06,231.377928332,2.698557
9,5,2013,22.0913610938,30.75,231.3822185657,2.985638
9,6,2013,17.0447482909,32.68,231.386965208,18.047799
9,7,2013,11.0969546302,32.17,231.4156580522,4.612428
9,8,2013,9.6302050963,30.84,231.4229910061,9.875572
9,9,2013,15.1740211311,30.15,231.4386914385,7.598066
9,10,2013,18.7538844002,30.2,231.4507710347,17.741579
9,11,2013,25,29.43,231.4789770427,15.540628
9,12,2013,25,27.69,231.5036839234,21.205685
9,1,2014,23.4773151025,24.88,231.5373972541,1.995847
9,2,2014,24.2852703543,23.17,231.5405703018,1.788731
9,3,2014,25,24.07,231.5434140713,11.108958
9,4,2014,24.8943443132,27.94,231.5610753718,4.029351
9,5,2014,22.6755748912,30.93,231.5674813352,7.249066
9,6,2014,7.2436295836,34.23,231.5790060824,4.142323
9,7,2014,1.5817277812,33.05,231.5855916516,11.429047
9,8,2014,1.4512119329,30.9,231.6037618376,13.048319
9,9,2014,11.0658794282,30.67,231.6245063829,13.443722
9,10,2014,22.9428216283,30.33,231.6458795498,1.186211
9,11,2014,24.9813548788,29.82,231.6477654179,2.221792
9,12,2014,25,27,231.6512976786,4.895473
9,1,2015,21.5071472965,24.69,231.6590806246,2.353304
9,2,2015,21.532007458,22.38,231.6628219664,9.227916
9,3,2015,24.5090118086,25.33,231.677492739,3.650401
9,4,2015,24.7078931013,29.11,231.6832962382,11.840639
9,5,2015,24.6954630205,30.89,231.7021207835,11.155031
9,6,2015,18.8098197638,33.61,231.719855332,11.062381
9,7,2015,7.734617775,33.63,231.7374425832,1.408276
9,8,2015,5.5842137974,31.08,231.7396814958,2.538603
9,9,2015,12.3834679925,30.66,231.7437174306,2.038295
9,10,2015,24.9875699192,30.55,231.7469579632,2.316244
9,11,2015,25,29.42,231.7506403861,11.080911
9,12,2015,24.6146674953,27.08,231.7682570967,3.76158
9,1,2016,23.8067122436,23.96,231.7742373511,8.975216
9,2,2016,22.4145431945,22.61,231.788506375,9.175882
9,3,2016,21.0410192666,25.37,231.8030944226,10.288663
9,4,2016,24.2293349907,29.04,231.8194515975,1.824231
9,5,2016,24.6084524549,32.28,231.8223518058,3.009981
9,6,2016,18.4182722188,34.02,231.8271371492,0.693208
9,7,2016,7.6973275326,33.3,231.8282392287,1.076296
9,8,2016,6.062771908,31.1,231.8299503511,8.13607
9,9,2016,13.90615289,30.61,231.8428852796,3.721431
9,10,2016,22.0478558111,29.7,231.848801704,4.797727
9,11,2016,25,29.23,231.8564292509,5.928751
9,12,2016,24.8011187073,27.71,231.8658549282,7.771224
10,1,2008,24.1671845867,18.36,201.9441199377,4.66066
10,2,2008,24.9751398384,19.05,201.9504181269,2.458154
10,3,2008,24.9254195152,22.45,201.9537399566,10.068598
10,4,2008,25,25.72,201.9673461701,5.624256
10,5,2008,24.4903666874,28.34,201.9749465161,3.323424
10,6,2008,22.9676817899,28.21,201.9794376296,12.546417
10,7,2008,15.9633312617,27.03,201.9963922472,7.433457
10,8,2008,7.6538222498,26.63,202.0064374593,17.502056
10,9,2008,15.6525792418,25.6,202.0300888863,29.281529
10,10,2008,13.9807333748,24.07,202.0696585201,2.851458
10,11,2008,25,21.03,202.0735118418,2.359828
10,12,2008,24.9751398384,18.33,202.0767007985,8.49538
10,1,2009,22.9925419515,19.09,202.0881810418,3.367244
10,2,2009,23.3467992542,19.36,202.0927313715,3.347892
10,3,2009,24.0801740211,23.13,202.0972555499,10.353307
10,4,2009,24.7762585457,25.19,202.1112465053,6.192632
10,5,2009,24.5587321318,28.07,202.1196149269,14.68815
10,6,2009,23.8253573648,27.74,202.1394637782,23.648115
10,7,2009,16.3113735239,27.2,202.1714206904,1.56751
10,8,2009,19.0957116221,27.09,202.1735389472,3.13502
10,9,2009,19.2697327533,26.72,202.1777754607,7.431159
10,10,2009,24.9875699192,25.73,202.1878175674,2.573813
10,11,2009,25,22.34,202.1912956931,5.225033
10,12,2009,24.8197638285,19.3,202.1983565485,7.121527
10,1,2010,24.1423244251,18.67,202.2079802336,9.387252
10,2,2010,20.9726538222,21.05,202.2206657093,11.158073
10,3,2010,23.90615289,22.73,202.2357441863,19.40286
10,4,2010,23.3095090118,26.96,202.2619642674,1.142465
10,5,2010,24.4033561218,28.41,202.2635081391,1.447122
10,6,2010,24.0180236172,28.36,202.2654637093,4.893558
10,7,2010,14.0304536979,27.37,202.2720766255,1.827944
10,8,2010,8.5985083903,26.79,202.2745468201,5.388626
10,9,2010,24.968924798,26.48,202.2818287472,5.331502
10,10,2010,25,24.72,202.2890334796,7.464103
10,11,2010,25,21.41,202.2991201053,8.016295
10,12,2010,25,19.18,202.3099529363,15.175741
10,1,2011,23.9620882536,18.11,202.3304606945,1.217518
10,2,2011,24.6208825357,20.86,202.3321059891,1.367367
10,3,2011,24.9937849596,24.9,202.3339537823,8.241664
10,4,2011,20.7116221255,26.8,202.3450911661,2.65981
10,5,2011,24.8259788689,28.99,202.3486855039,7.623539
10,6,2011,14.8508390305,28.79,202.3589875836,7.848311
10,7,2011,3.2100683654,27.35,202.3695934093,10.021114
10,8,2011,15.3604723431,26.91,202.3831354553,7.82958
10,9,2011,18.3623368552,26.24,202.3937159688,13.467627
10,10,2011,24.9316345556,24.67,202.4119154647,1.741988
10,11,2011,25,21.49,202.4142695026,2.472499
10,12,2011,23.0484773151,19.85,202.4176107174,17.363687
10,1,2012,21.0348042262,17.77,202.4410751593,2.892544
10,2,2012,24.968924798,20.45,202.4449840026,10.925341
10,3,2012,23.0360472343,23.66,202.4597479769,7.590625
10,4,2012,24.9502796768,26.99,202.4700055782,20.671557
10,5,2012,24.9813548788,28.84,202.4979401147,12.233435
10,6,2012,21.3455562461,28.28,202.5144717836,21.50063
10,7,2012,21.4325668117,27.03,202.5435266891,1.805537
10,8,2012,16.5724052206,26.86,202.5459666039,5.324492
10,9,2012,3.4835301429,26.19,202.5531618634,28.041095
10,10,2012,23.9310130516,23.52,202.591055235,2.855696
10,11,2012,22.5823492853,20.99,202.5949142836,16.673582
10,12,2012,24.9627097576,18.94,202.6174461512,9.746215
10,1,2013,24.3971410814,18.42,202.630616712,27.110255
10,2,2013,23.4089496582,20.5,202.6672521918,19.4266
10,3,2013,24.2728402735,23.93,202.6935043539,42.586297
10,4,2013,23.9558732132,25.5,202.7510534039,1.630965
10,5,2013,21.9857054071,27.31,202.7532574107,6.831929
10,6,2013,18.6730888751,28.01,202.7624897472,22.181118
10,7,2013,6.4729645743,27.07,202.7924642309,4.711675
10,8,2013,10.3635798633,26.63,202.7988313593,28.233809
10,9,2013,7.0447482909,26.19,202.8369851553,6.922538
10,10,2013,20.0217526414,24.22,202.8463399363,29.33924
10,11,2013,25,21.14,202.885987558,18.611118
10,12,2013,24.7824735861,18.69,202.9111377174,58.098582
10,1,2014,24.5525170914,18.01,202.9896493147,1.247983
10,2,2014,24.9564947172,19.66,202.9913357782,4.902792
10,3,2014,24.3225605966,23.44,202.9979611728,14.940144
10,4,2014,24.6954630205,26.72,203.0181505566,4.849307
10,5,2014,24.6581727781,28.72,203.0247036742,16.241612
10,6,2014,19.8042262275,27.54,203.0466517985,12.283722
10,7,2014,20.46923555,26.58,203.0632514228,28.650133
10,8,2014,14.9937849596,26.23,203.1019678188,19.111974
10,9,2014,23.7383467993,26.26,203.1277948107,41.967899
10,10,2014,24.9875699192,24.05,203.1845081877,1.158842
10,11,2014,24.7451833437,21.23,203.1860741904,2.192885
10,12,2014,24.9627097576,18.97,203.1890375485,8.646742
10,1,2015,20.7364822871,18.2,203.200722335,2.351086
10,2,2015,24.7265382225,19.27,203.2038994782,7.649803
10,3,2015,24.7949036669,22.31,203.2142370499,7.491894
10,4,2015,24.6395276569,25.68,203.2243612309,27.581401
10,5,2015,24.1174642635,27.76,203.2616333945,19.528053
10,6,2015,23.7880671224,28.13,203.2880226553,26.686584
10,7,2015,5.6463642014,27.43,203.3240856066,0.929907
10,8,2015,1.2834058421,26.75,203.3253422377,6.175988
10,9,2015,16.9453076445,26.28,203.3336881674,5.01799
10,10,2015,24.2479801119,24.35,203.340469235,2.000178
10,11,2015,24.7700435053,21.85,203.3431721782,9.228891
10,12,2015,24.0863890615,19.6,203.3556436526,5.403989
10,1,2016,21.8924798011,19.5,203.3629463404,25.356848
10,2,2016,24.9564947172,20.51,203.3972123512,20.4513
10,3,2016,24.9316345556,23.93,203.4248492431,19.743105
10,4,2016,24.7886886265,27.23,203.4515291147,0.276369
10,5,2016,24.968924798,28.2,203.4519025863,2.331863
10,6,2016,16.187072716,29.01,203.4550537526,1.848217
10,7,2016,14.7762585457,27.6,203.4575513431,1.330025
10,8,2016,1.0969546302,26.74,203.4593486742,5.510105
10,9,2016,10.5376009944,26.37,203.466794762,6.460124
10,10,2016,24.2169049099,24.74,203.4755246593,12.954793
10,11,2016,25,21.98,203.4930311363,18.948544
10,12,2016,24.9813548788,19.65,203.5186372769,15.442113
11,1,2008,24.2914853947,12.41,176.5752196521,3.95752
11,2,2008,19.2945929149,12.99,176.5819046521,5.597063
11,3,2008,20.6308266004,17.46,176.5913591504,9.40382
11,4,2008,23.4835301429,20.18,176.6072439815,4.975168
11,5,2008,18.890615289,22.66,176.6156479815,8.913842
11,6,2008,7.0323182101,23.67,176.630705147,13.775937
11,7,2008,8.7290242387,23.32,176.6539753109,10.21417
11,8,2008,13.2722187694,22.99,176.6712289764,8.065802
11,9,2008,21.9235550031,21.64,176.684853642,15.3401
11,10,2008,24.2479801119,19.08,176.710765973,3.655994
11,11,2008,24.546302051,16.23,176.7169416386,4.183664
11,12,2008,22.9552517091,14.27,176.7240086386,8.574626
11,1,2009,24.9440646364,12.96,176.7384928041,3.801753
11,2,2009,17.5481665631,15.29,176.7449146842,8.77185
11,3,2009,17.8091982598,17.42,176.7597319984,25.610835
11,4,2009,21.8800497203,21.79,176.802993544,7.677687
11,5,2009,19.8850217526,23.41,176.8159626099,6.806066
11,6,2009,16.218147918,24.2,176.827459343,13.389589
11,7,2009,10.0093225606,23.75,176.850076892,3.041403
11,8,2009,1.5195773773,23.08,176.855214397,4.821736
11,9,2009,2.3213175886,22.33,176.8633592214,7.4366
11,10,2009,23.3157240522,19.45,176.8759210457,4.376652
11,11,2009,23.6140459913,15.53,176.8833140389,9.532201
11,12,2009,24.968924798,13.3,176.8994157298,24.071589
11,1,2010,23.9310130516,12.06,176.9400771977,5.912095
11,2,2010,25,13.47,176.9500638447,3.503464
11,3,2010,20.4070851461,17.9,176.9559818582,11.550482
11,4,2010,19.6799254195,21.35,176.9754928075,3.612947
11,5,2010,22.110006215,22.47,176.9815957585,4.926746
11,6,2010,10.2330640149,23.11,176.9899179646,4.762521
11,7,2010,10.9664387819,23.1,176.9979627636,4.470566
11,8,2010,0.3138595401,22.89,177.0055143953,10.236683
11,9,2010,18.7228091983,21.57,177.0228060896,14.652507
11,10,2010,24.7513983841,19.35,177.047556946,5.127465
11,11,2010,23.8564325668,15.12,177.0562182045,3.320992
11,12,2010,24.4903666874,12.72,177.0618279882,10.692863
11,1,2011,15.124300808,12.27,177.0798902568,3.877223
11,2,2011,22.0975761342,14.25,177.08643962,4.613177
11,3,2011,22.2591671846,16.89,177.0942321487,8.54425
11,4,2011,22.5015537601,20.55,177.1086650035,4.308025
11,5,2011,21.8303293971,22.65,177.1159420727,16.926949
11,6,2011,7.6973275326,22.97,177.144534892,14.324184
11,7,2011,1.8489745183,22.65,177.1687311487,8.292949
11,8,2011,6.609695463,22.76,177.1827395085,3.661821
11,9,2011,9.922311995,21.65,177.188925017,10.15976
11,10,2011,24.1174642635,19.59,177.2060867737,5.420932
11,11,2011,24.3971410814,14.8,177.2152437535,8.149348
11,12,2011,23.1914232443,12.35,177.229009544,21.414475
11,1,2012,22.358607831,12.44,177.2651826437,5.596859
11,2,2012,21.2647607209,13.91,177.2746367974,25.247661
11,3,2012,23.2784338098,17.02,177.3172848734,14.689548
11,4,2012,24.577377253,20.13,177.3420982991,16.808233
11,5,2012,22.3026724674,22.35,177.3704905845,6.091219
11,6,2012,22.5512740833,23,177.3807798058,21.010291
11,7,2012,2.9801118707,23.27,177.4162701622,7.256496
11,8,2012,0.7302672467,22.65,177.4285277568,6.232465
11,9,2012,15.4909881914,21.73,177.4390555693,39.230981
11,10,2012,17.0385332505,19.51,177.5053241183,9.904852
11,11,2012,24.9627097576,17.12,177.5220552872,24.082384
11,12,2012,21.0969546302,13.64,177.5627349899,22.228535
11,1,2013,24.1485394655,12.64,177.600283191,26.292546
11,2,2013,17.4300807955,14.38,177.6446962754,9.829314
11,3,2013,21.6935985084,18.07,177.6612998464,37.406965
11,4,2013,23.4773151025,21.06,177.7244872872,6.199762
11,5,2013,20.8483530143,22.14,177.7349598582,6.824948
11,6,2013,11.9359850839,23.39,177.7464884866,30.877244
11,7,2013,5.8017402113,23.59,177.7986459933,9.759849
11,8,2013,7.1193287756,23.27,177.8151322247,20.318546
11,9,2013,15.062150404,22.1,177.849454093,19.69336
11,10,2013,17.4922311995,19.66,177.8827199038,24.104395
11,11,2013,22.2840273462,17.58,177.9234367872,8.787337
11,12,2013,24.4095711622,13.8,177.9382802619,37.910587
11,1,2014,20.9167184587,12.61,178.0023184156,5.689311
11,2,2014,20.4816656308,14.39,178.0119287382,7.790769
11,3,2014,21.7619639528,16.95,178.025088821,18.17846
11,4,2014,22.8371659416,20.78,178.0557956791,7.466153
11,5,2014,22.5388440025,23.5,178.0684074241,15.068987
11,6,2014,17.1379738968,23.85,178.093861794,17.221699
11,7,2014,0.1584835301,23.46,178.1229525018,15.974493
11,8,2014,3.3530142946,23.2,178.1499364426,8.029959
11,9,2014,20.2454940957,21.86,178.1635005626,18.127205
11,10,2014,23.6575512741,19.45,178.1941208413,5.330526
11,11,2014,24.4965817278,17.07,178.2031251082,7.141538
11,12,2014,23.4089496582,13.84,178.215188517,7.978704
11,1,2015,21.7868241144,13.34,178.2286660575,6.624678
11,2,2015,20.8234928527,14.54,178.239856392,15.233396
11,3,2015,23.5456805469,16.92,178.2655884798,10.458248
11,4,2015,21.7308887508,21.29,178.2832544393,12.257335
11,5,2015,19.4437538844,22.68,178.303959397,7.801651
11,6,2015,10.8918582971,23.99,178.3171378616,14.409515
11,7,2015,4.0118085768,23.88,178.3414782585,4.90966
11,8,2015,4.0366687383,23.38,178.3497716031,4.707893
11,9,2015,15.6028589186,21.84,178.3577241251,4.052151
11,10,2015,17.0447482909,19.98,178.3645689747,6.2884
11,11,2015,25,17.97,178.375191272,11.685663
11,12,2015,24.9254195152,14.73,178.3949305676,7.162723
11,1,2016,19.2200124301,13.27,178.4070297619,9.683444
11,2,2016,22.8558110628,14.87,178.4233869308,9.20341
11,3,2016,23.3405842138,17.7,178.4389332315,13.391293
11,4,2016,22.6507147296,21.76,178.4615536589,2.996074
11,5,2016,24.7389683033,23.45,178.4666145947,8.590953
11,6,2016,22.265382225,23.83,178.4811263396,1.787713
11,7,2016,1.0658794282,23.71,178.4841461251,5.677643
11,8,2016,5.8514605345,23.18,178.4937367382,11.520816
11,9,2016,14.1361093847,22.16,178.5131975761,9.83242
11,10,2016,24.7762585457,19.76,178.5298063937,7.20051
11,11,2016,24.453076445,16.56,178.5419694173,12.8616
11,12,2016,23.9745183344,14.15,178.563695093,11.553921
12,1,2008,23.0484773151,22.79,142.2616064849,3.083831
12,2,2008,24.6208825357,25.61,142.2671629372,4.524305
12,3,2008,24.9937849596,29.29,142.2753148381,10.732544
12,4,2008,24.5276569298,32.47,142.2946527552,5.132956
12,5,2008,23.6078309509,33.9,142.3039013245,3.205561
12,6,2008,24.0988191423,32.58,142.3096771101,14.790216
12,7,2008,12.781230578,30.62,142.336326148,11.381771
12,8,2008,0.2517091361,30.54,142.3568338435,9.089186
12,9,2008,24.3722809198,29.87,142.3732107552,25.218435
12,10,2008,24.9813548788,28.24,142.4186493768,3.205561
12,11,2008,24.9316345556,26.74,142.4244251624,4.037384
12,12,2008,24.9627097576,24.42,142.4316997281,10.022451
12,1,2009,22.3026724674,23.46,142.4497581984,4.132792
12,2,2009,24.2231199503,26.34,142.4572046705,3.913175
12,3,2009,24.4406463642,29.4,142.4642554363,17.289847
12,4,2009,24.4282162834,31.12,142.4954083137,8.844575
12,5,2009,24.8259788689,32.12,142.5113444849,10.641441
12,6,2009,23.3530142946,32.34,142.5305182525,19.066748
12,7,2009,14.9875699192,30.74,142.5648727534,3.493907
12,8,2009,16.6594157862,29.8,142.5711680813,5.051191
12,9,2009,17.5730267247,30,142.5802693263,12.039004
12,10,2009,25,28.6,142.6019612254,3.633663
12,11,2009,24.3474207582,26.88,142.608508366,5.250843
12,12,2009,24.968924798,24.28,142.6179693444,21.0433
12,1,2010,23.0919825979,23.16,142.6558852002,11.000884
12,2,2010,21.9484151647,25.66,142.6757066128,11.550928
12,3,2010,22.4580484773,28.83,142.6965190957,15.165504
12,4,2010,24.5587321318,32.04,142.7238443281,2.376977
12,5,2010,24.5027967682,33.66,142.7281271696,4.989687
12,6,2010,22.5201988813,31.46,142.7371175966,9.802573
12,7,2010,20.8421379739,29.76,142.7547798903,3.418132
12,8,2010,20.655686762,29.52,142.7609386867,6.659464
12,9,2010,18.6793039155,30.29,142.7729377209,19.349769
12,10,2010,24.6022374145,28.26,142.8078021696,9.115018
12,11,2010,25,26.55,142.8242256254,8.800707
12,12,2010,24.8881292728,24.3,142.8400827552,12.788528
12,1,2011,24.6208825357,22.98,142.863125148,2.570169
12,2,2011,24.5400870106,24.75,142.8677560831,5.797375
12,3,2011,24.8011187073,27.78,142.8782018038,14.763981
12,4,2011,22.8558110628,30.91,142.9048035714,5.005067
12,5,2011,23.3965195774,32.58,142.9138217101,11.246907
12,6,2011,20.985083903,32.5,142.9340864074,24.967361
12,7,2011,14.7886886265,31.04,142.9790726435,13.063418
12,8,2011,11.8924798011,30.18,143.0026103335,9.913511
12,9,2011,2.5326289621,30.56,143.0204725155,14.203568
12,10,2011,18.7228091983,29.12,143.0460645299,3.343153
12,11,2011,25,26.82,143.052088229,9.159852
12,12,2011,24.5338719702,24.52,143.0685924669,27.035091
12,1,2012,24.8819142324,24.75,143.1173043426,6.918781
12,2,2012,24.0988191423,26.12,143.1297706146,11.11947
12,3,2012,24.9751398384,29.61,143.1498056957,31.248563
12,4,2012,24.8321939093,32.51,143.2061094128,15.928404
12,5,2012,24.9564947172,33.11,143.2348092399,15.814358
12,6,2012,21.9794903667,33.72,143.2633035786,28.188332
12,7,2012,15.4164077067,30.99,143.314093366,2.318932
12,8,2012,13.844002486,30.18,143.3182716218,8.819546
12,9,2012,20.3076444997,30.02,143.3341626957,40.600322
12,10,2012,24.9440646364,29.23,143.407316429,6.253514
12,11,2012,25,27.14,143.4185840218,9.579851
12,12,2012,24.9813548788,24.66,143.4358450146,42.196964
12,1,2013,24.5525170914,23.33,143.5118755804,16.377741
12,2,2013,23.0733374767,24.76,143.5413850236,24.604004
12,3,2013,24.2106898695,29.51,143.5857165624,56.518163
12,4,2013,24.7949036669,32.33,143.6875510903,0.953499
12,5,2013,22.7625854568,33.3,143.6892691065,6.543618
12,6,2013,19.7110006215,32.88,143.7010594092,35.859027
12,7,2013,19.2510876321,30.28,143.7656702687,6.824059
12,8,2013,18.2318210068,30.42,143.7779658705,7.927126
12,9,2013,21.7122436296,30.39,143.7922489804,27.913205
12,10,2013,24.3039154755,29.45,143.8425430435,17.088191
12,11,2013,24.9564947172,26.65,143.8733325768,23.089623
12,12,2013,24.4095711622,25,143.9149355011,52.909825
12,1,2014,22.5077688005,23.78,144.0102685191,0.202326
12,2,2014,24.9751398384,27.19,144.0106330705,5.150112
12,3,2014,24.2728402735,28.04,144.0199125516,17.400021
12,4,2014,24.9627097576,31.9,144.0512639408,4.837427
12,5,2014,24.8570540709,33.57,144.0599800254,7.265337
12,6,2014,23.0360472343,33.17,144.0730707227,20.545268
12,7,2014,19.3567433188,30.86,144.1100892236,10.999168
12,8,2014,15.5220633934,30.7,144.1299075444,16.075707
12,9,2014,20.7302672467,30.45,144.1588727822,41.881446
12,10,2014,24.9875699192,29.9,144.2343348471,0.073573
12,11,2014,24.6768178993,26.92,144.234467411,3.549899
12,12,2014,24.2293349907,25.24,144.2408636254,6.180134
12,1,2015,23.7383467993,24.14,144.251999002,2.75141
12,2,2015,23.9807333748,24.22,144.2569564975,7.946507
12,3,2015,24.968924798,29.49,144.2712745281,11.114249
12,4,2015,24.9254195152,31.8,144.291300202,9.55753
12,5,2015,24.515226849,33.11,144.3085209768,16.88859
12,6,2015,23.9310130516,31.98,144.3389508687,35.279594
12,7,2015,17.2622747048,30.49,144.4025177047,0.072406
12,8,2015,14.3349906774,30.29,144.402648166,2.35318
12,9,2015,21.3331261653,30.23,144.4068881299,3.52977
12,10,2015,24.7638284649,29.08,144.4132480759,1.737733
12,11,2015,24.5525170914,26.23,144.4163791263,6.082064
12,12,2015,25,23.6,144.4273378002,8.923981
12,1,2016,23.75077688,22.89,144.4434170453,8.357762
12,2,2016,24.2977004351,25.59,144.4584760759,15.325534
12,3,2016,24.9627097576,29.1,144.4860896507,32.540029
12,4,2016,24.5276569298,31.76,144.5447203335,0.01782
12,5,2016,24.4717215662,33.08,144.5447524417,2.174087
12,6,2016,21.8116842759,32.82,144.5486697155,2.102806
12,7,2016,7.858918583,31.3,144.5524585552,1.621655
12,8,2016,15.0186451212,30.47,144.5553804561,6.272777
12,9,2016,23.2473586078,29.71,144.566682757,9.925956
12,10,2016,25,29.14,144.5845673624,5.702524
12,11,2016,24.9937849596,26.9,144.5948421804,17.927311
12,12,2016,24.9875699192,23.9,144.6271436417,26.445456
13,1,2008,23.2162834058,18.67,127.1125676831,0.682832
13,2,2008,21.2834058421,20.54,127.1134464888,0.707219
13,3,2008,21.9981354879,24.6,127.1143566805,1.390052
13,4,2008,24.422001243,27.02,127.1161456792,0.999862
13,5,2008,24.7327532629,28.52,127.1174325029,0.804767
13,6,2008,23.6016159105,28.05,127.1184682391,0.85354
13,7,2008,21.6376631448,27.06,127.1195667462,1.121796
13,8,2008,20.8110627719,26.9,127.1210104991,1.999723
13,9,2008,18.4431323804,26.45,127.1235841451,3.170293
13,10,2008,23.8004972032,24.33,127.1276643163,0.829154
13,11,2008,25,21.51,127.1287314386,0.585285
13,12,2008,24.8508390305,19.68,127.1294847011,1.365665
13,1,2009,24.5960223741,18.24,127.1312423137,0.839944
13,2,2009,24.8073337477,20,127.1323233227,0.911939
13,3,2009,24.2231199503,23.53,127.1334969894,0.59996
13,4,2009,20.531385954,26.53,127.1342691387,1.439904
13,5,2009,23.0546923555,27.75,127.136122297,2.159856
13,6,2009,19.8663766314,28.19,127.1389020345,2.615826
13,7,2009,14.2852703543,27.3,127.1422686059,0.45597
13,8,2009,11.8614045991,26.75,127.1428554399,0.479968
13,9,2009,2.0602858919,26.43,127.1434731593,1.79988
13,10,2009,15.2734617775,24.48,127.1457896072,0.623958
13,11,2009,25,21.89,127.1465926419,0.551963
13,12,2009,24.4157862026,19.38,127.147303019,0.575962
13,1,2010,24.8073337477,18.44,127.1480442828,0.920902
13,2,2010,24.9254195152,20.41,127.1492294849,2.077932
13,3,2010,21.1839651958,23.45,127.1519037861,2.621028
13,4,2010,22.6072094469,26.59,127.1552770525,0.708386
13,5,2010,24.9627097576,27.51,127.1561887462,0.306967
13,6,2010,23.0174021131,28.9,127.1565838131,1.416772
13,7,2010,22.5947793661,28.16,127.1584072005,0.425032
13,8,2010,16.2678682411,27.34,127.1589542172,1.180643
13,9,2010,24.0366687383,27.13,127.1604737063,1.015353
13,10,2010,24.9875699192,25.03,127.1617804669,1.416772
13,11,2010,24.7824735861,22.14,127.1636038543,1.723739
13,12,2010,24.7203231821,19.75,127.1658223086,3.046059
13,1,2011,23.875077688,18.58,127.1697425904,0.882679
13,2,2011,24.8694841516,20.83,127.1708785994,0.696852
13,3,2011,24.9316345556,23.51,127.1717754489,2.717723
13,4,2011,24.5214418894,26.6,127.1752731619,0.58071
13,5,2011,23.6886264761,28.6,127.1760205364,1.509846
13,6,2011,18.4928527035,28.37,127.1779637101,1.254334
13,7,2011,7.3244251088,27.12,127.1795780396,2.485439
13,8,2011,15.1305158484,26.91,127.1827768028,1.509846
13,9,2011,24.1050341827,26.48,127.1847199765,3.553945
13,10,2011,24.5338719702,24.79,127.1892939083,0.650395
13,11,2011,24.390926041,21.63,127.1901309675,1.207877
13,12,2011,25,19.64,127.1916855068,4.413396
13,1,2012,24.2169049099,17.68,127.1973655531,0.548338
13,2,2012,23.3157240522,19.85,127.1980712648,2.239049
13,3,2012,23.6886264761,23,127.2009529238,1.233761
13,4,2012,24.875699192,25.95,127.2025407758,3.609895
13,5,2012,23.7942821628,28.13,127.2071867153,2.513218
13,6,2012,24.4095711622,27.72,127.2104212301,7.539653
13,7,2012,13.5767557489,26.96,127.2201247732,0.845355
13,8,2012,11.1963952766,26.86,127.2212127462,1.622168
13,9,2012,20.7240522063,26.38,127.2233004785,4.912198
13,10,2012,23.6451211933,24.84,127.2296224836,0.479796
13,11,2012,25,21.8,127.2302399817,3.678437
13,12,2012,24.968924798,19.23,127.2349741348,1.005287
13,1,2013,20.4195152268,18.56,127.2362679405,4.96651
13,2,2013,22.4580484773,20.33,127.2426598453,3.393407
13,3,2013,24.2044748291,22.79,127.2470271644,9.416143
13,4,2013,22.2529521442,26.15,127.2591457526,0.314621
13,5,2013,24.8694841516,27.71,127.2595506702,0.809024
13,6,2013,24.4903666874,28.11,127.2605918852,1.056226
13,7,2013,12.327532629,27.06,127.2619512494,0.651714
13,8,2013,16.0130515848,26.99,127.2627900061,6.247465
13,9,2013,22.1970167806,26.55,127.2708305016,0.741606
13,10,2013,24.8321939093,24.51,127.2717849495,5.595751
13,11,2013,24.2790553139,22.08,127.2789866882,2.022561
13,12,2013,24.4903666874,19.78,127.2815897269,7.955405
13,1,2014,23.3095090118,17.99,127.2918283433,0.397961
13,2,2014,21.4449968925,20.43,127.2923405197,1.2381
13,3,2014,24.0428837787,23.58,127.2939339559,0.729595
13,4,2014,23.781852082,26.13,127.2948729456,0.176871
13,5,2014,24.1671845867,28.35,127.2951005789,5.858868
13,6,2014,21.7433188316,28.17,127.3026409495,0.464288
13,7,2014,9.2573026725,27.59,127.3032384888,3.869064
13,8,2014,9.0646364201,26.88,127.3082179791,1.835042
13,9,2014,16.8147917961,26.65,127.3105796805,5.549343
13,10,2014,24.6830329397,24.56,127.3177216921,0.110545
13,11,2014,25,21.6,127.3178639637,0.729595
13,12,2014,22.5264139217,19.44,127.3188029534,0.795922
13,1,2015,20.562461156,18.36,127.319827306,0.413404
13,2,2015,25,19.77,127.3203593575,3.698876
13,3,2015,24.0988191423,22.95,127.3251198157,0.369888
13,4,2015,24.0118085768,26.21,127.325595862,2.502181
13,5,2015,24.8011187073,27.75,127.3288161722,2.045261
13,6,2015,22.6196395277,28.4,127.3314484257,3.720634
13,7,2015,15.2486016159,27.31,127.3362368864,0.065274
13,8,2015,16.3859540087,26.78,127.3363208942,0.674501
13,9,2015,2.6382846489,26.11,127.3371889778,0.56571
13,10,2015,24.6270975761,24.7,127.3379170473,0.413404
13,11,2015,24.968924798,22.01,127.3384490988,3.698876
13,12,2015,24.9875699192,19.42,127.343209557,0.522194
13,1,2016,23.5581106277,19.33,127.3438816213,3.491515
13,2,2016,24.0988191423,20.2,127.3483752056,1.90641
13,3,2016,24.4157862026,24.14,127.3508287577,4.155545
13,4,2016,25,26.04,127.3561769495,0.192783
13,5,2016,24.6643878185,28.72,127.3564250615,0.235624
13,6,2016,24.7824735861,28.56,127.3567283099,0.385566
13,7,2016,21.4325668117,27.34,127.3572245338,0.299885
13,8,2016,13.9745183344,27.01,127.3576104862,2.313396
13,9,2016,8.1696706029,26.31,127.3605878298,0.535508
13,10,2016,24.8135487881,24.56,127.3612770293,2.313396
13,11,2016,25,22.06,127.3642543729,2.270556
13,12,2016,22.7439403356,19.3,127.3671765814,3.427254
14,1,2008,13.2846488502,12.61,91.7480889139,2.998891
14,2,2008,17.9086389062,14.39,91.7528566261,3.427304
14,3,2008,19.9782473586,16.95,91.7583054401,4.391233
14,4,2008,21.8365444375,20.78,91.7652867327,6.640401
14,5,2008,22.2094468614,23.5,91.775843809,11.888461
14,6,2008,18.828464885,23.85,91.7947443829,12.477528
14,7,2008,7.7719080174,23.46,91.8145814703,10.817428
14,8,2008,13.7445618397,23.2,91.8317792891,10.335463
14,9,2008,23.9869484152,21.86,91.8482108678,31.64901
14,10,2008,22.0665009323,19.45,91.8985272589,2.62403
14,11,2008,24.4344313238,17.07,91.9026990077,1.98141
14,12,2008,21.3455562461,13.84,91.9058491031,4.819646
14,1,2009,21.6998135488,13.34,91.9135114974,5.902239
14,2,2009,20.2454940957,14.54,91.9228950252,6.060335
14,3,2009,24.1485394655,16.92,91.932529898,9.485741
14,4,2009,21.4263517713,21.29,91.9476105673,7.588593
14,5,2009,20.5376009944,22.68,91.9596751031,6.745416
14,6,2009,9.2945929149,23.99,91.9703991349,17.97021
14,7,2009,3.0733374767,23.88,91.9989686261,2.793024
14,8,2009,6.2802983219,23.38,92.0034090459,2.002545
14,9,2009,20.8359229335,21.84,92.0065927422,4.690172
14,10,2009,24.1423244251,19.98,92.0140492955,4.584775
14,11,2009,24.2417650715,17.97,92.0213382859,4.742871
14,12,2009,24.8384089497,14.73,92.0288786214,6.165732
14,1,2010,17.7408328154,13.27,92.038681057,4.511119
14,2,2010,19.9906774394,14.87,92.0458529473,4.718527
14,3,2010,20.7489123679,17.7,92.05335458,11.614835
14,4,2010,24.0242386576,21.76,92.0718201365,1.296299
14,5,2010,22.5139838409,23.45,92.0738810252,2.177782
14,6,2010,18.8408949658,23.83,92.0773433177,3.422228
14,7,2010,14.5711622126,23.71,92.0827840618,3.525932
14,8,2010,11.7060285892,23.18,92.088389677,4.303711
14,9,2010,19.6364201367,22.16,92.0952318249,7.46668
14,10,2010,23.0049720323,19.76,92.1071025403,3.525932
14,11,2010,24.6643878185,16.56,92.1127081556,5.392602
14,12,2010,23.1914232443,14.15,92.1212814497,13.481505
14,1,2011,16.4356743319,13.06,92.142714685,1.428216
14,2,2011,17.249844624,14.81,92.1449852986,2.193331
14,3,2011,17.1504039776,17.78,92.1484723114,8.722318
14,4,2011,23.421379739,21.08,92.1623392716,3.468524
14,5,2011,22.8185208204,23.17,92.1678536182,9.232395
14,6,2011,19.5991298943,23.64,92.1825315117,17.342621
14,7,2011,11.6998135488,23.74,92.2101032462,7.498133
14,8,2011,13.0795525171,23.17,92.2220239664,8.518287
14,9,2011,19.0770665009,22.01,92.235566553,26.473001
14,10,2011,24.1423244251,19.48,92.277653995,4.23364
14,11,2011,24.9875699192,15.86,92.2843847422,8.263249
14,12,2011,24.8321939093,13.18,92.297521863,27.544162
14,1,2012,14.4344313238,12.88,92.3413122637,16.857501
14,2,2012,17.8340584214,14.27,92.3681127422,32.661408
14,3,2012,15.2175264139,17.15,92.4200386691,79.471076
14,4,2012,23.0174021131,20.3,92.5463837819,7.124301
14,5,2012,19.7110006215,22.86,92.5577101746,41.842726
14,6,2012,20.9726538222,23.87,92.6242327915,80.123301
14,7,2012,14.8446239901,23.64,92.751614828,6.62259
14,8,2012,17.6041019267,23.62,92.762143588,16.405961
14,9,2012,22.296457427,22.52,92.7882261969,67.480175
14,10,2012,24.5649471722,19.57,92.8955078742,39.83588
14,11,2012,22.8868862648,15.44,92.9588399568,65.573672
14,12,2012,23.1603480423,13.6,93.0630906277,106.21229
14,1,2013,13.359229335,12.97,93.2319495943,15.59418
14,2,2013,15.8203853325,14.27,93.2567416134,80.586381
14,3,2013,10.7737725295,18.01,93.3848598662,124.161258
14,4,2013,15.9136109385,21.14,93.582254553,5.724446
14,5,2013,15.5220633934,23.55,93.5913554211,23.095178
14,6,2013,21.3766314481,24,93.6280727152,107.826847
14,7,2013,15.031075202,23.25,93.7994985451,74.023007
14,8,2013,14.422001243,23.6,93.917182181,66.916799
14,9,2013,23.0422622747,21.63,94.0235681889,83.053814
14,10,2013,22.358607831,19.21,94.1556092287,17.46943
14,11,2013,23.6451211933,15.76,94.1833825673,109.109913
14,12,2013,20.2952144189,13.57,94.3568482478,114.883707
14,1,2014,20.62461156,13.51,94.5394932509,2.57312
14,2,2014,23.5705407085,14.35,94.5435840618,19.516875
14,3,2014,22.750155376,18.44,94.5746124799,51.559505
14,4,2014,20.9229334991,21.32,94.6565830761,45.442276
14,5,2014,21.625233064,23.06,94.7288283479,44.908232
14,6,2014,21.6376631448,23.36,94.8002245832,50.151571
14,7,2014,6.2740832815,23.37,94.8799568106,17.526348
14,8,2014,9.2945929149,23.18,94.9078206389,89.913563
14,9,2014,17.6662523306,22,95.0507674799,58.404976
14,10,2014,17.0696084525,19.11,95.1436211778,0.048549
14,11,2014,24.8259788689,15.69,95.1436983622,7.622262
14,12,2014,19.53076445,14.2,95.1558164258,20.050919
14,1,2015,22.4145431945,12.85,95.1876938805,13.760357
14,2,2015,17.0261031697,14.38,95.2095704417,20.927209
14,3,2015,3.0049720323,17.73,95.2428410443,33.158637
14,4,2015,23.3095090118,20.91,95.2955574783,12.183649
14,5,2015,22.5574891237,22.3,95.3149273495,72.002978
14,6,2015,19.7793660659,23.4,95.4293994926,27.18626
14,7,2015,0.562461156,23.48,95.4726208916,9.65
14,8,2015,6.062771908,22.89,95.4726208916,3.057857
14,9,2015,2.6134244873,21.9,95.4774823495,8.456886
14,10,2015,24.8632691112,19.12,95.4909273193,12.183649
14,11,2015,24.6954630205,16.14,95.5102971905,11.036953
14,12,2015,17.3244251088,14.01,95.5278440156,21.83501
14,1,2016,22.750155376,13.06,95.562557863,14.581579
14,2,2016,14.9813548788,14.55,95.5857400236,44.59141
14,3,2016,11.4698570541,17.79,95.6566325673,10.677479
14,4,2016,21.7371037912,20.94,95.6736078916,9.5
14,5,2016,21.1591050342,22.22,95.6736078916,2.116681
14,6,2016,20.015537601,23.93,95.6769730443,3.621876
14,7,2016,6.2119328776,24.08,95.6827311937,5.973744
14,8,2016,11.2150403978,23.43,95.692228402,7.149678
14,9,2016,14.8819142324,22.68,95.7035951397,6.39708
14,10,2016,24.0304536979,19.77,95.7137653781,9.219321
14,11,2016,24.3722809198,16.33,95.7284224862,34.572454
14,12,2016,16.2616532007,14.32,95.783386642,5.597445
15,1,2008,22.0229956495,24.18,63.1780018267,2.769993
15,2,2008,16.6904909882,25.74,63.1815668113,2.947556
15,3,2008,8.7725295214,29.5,63.1853603196,13.992014
15,4,2008,22.3026724674,32.37,63.2033680596,5.113832
15,5,2008,23.6699813549,33.57,63.209949568,5.291396
15,6,2008,20.8421379739,33.88,63.2167596015,13.352785
15,7,2008,7.703542573,30.96,63.233944653,16.690981
15,8,2008,13.6886264761,31.45,63.255425967,18.715206
15,9,2008,21.233685519,31.05,63.2795124612,40.484507
15,10,2008,24.6146674953,29.78,63.3316160738,1.811149
15,11,2008,24.6581727781,27.6,63.3339470249,1.882174
15,12,2008,20.2703542573,25.11,63.3363693853,10.369716
15,1,2009,2.141081417,25.66,63.3497152231,3.774279
15,2,2009,19.0273461778,29.33,63.354572725,3.914067
15,3,2009,17.827843381,29.56,63.3596101343,12.895452
15,4,2009,17.5854568055,32.59,63.3762065976,12.580929
15,5,2009,21.5506525792,34.09,63.3923982694,13.175028
15,6,2009,23.7010565569,32.65,63.4093545474,25.860798
15,7,2009,13.6761963953,31.59,63.4426374277,1.572616
15,8,2009,14.0863890615,30.76,63.4446613865,3.075338
15,9,2009,1.9359850839,30.57,63.4486193505,9.50559
15,10,2009,24.2044748291,30.46,63.4608530571,2.690921
15,11,2009,24.9564947172,27.61,63.4643162759,3.949014
15,12,2009,24.6457426973,25.27,63.469398662,12.371246
15,1,2010,5.8328154133,23.97,63.4853204715,11.656715
15,2,2010,9.4251087632,25.48,63.5003226787,8.974639
15,3,2010,21.2274704786,30.34,63.5118730506,20.356269
15,4,2010,23.9931634556,32.13,63.538071595,1.47858
15,5,2010,20.4195152268,33.86,63.5399745294,2.063135
15,6,2010,23.3778744562,32.15,63.5426297868,6.670804
15,7,2010,19.0273461778,31.24,63.5512151201,3.060317
15,8,2010,17.34307023,30.69,63.5551537521,2.406991
15,9,2010,7.2249844624,30.92,63.5582515526,8.286927
15,10,2010,22.6320696085,30.81,63.5689168383,15.370359
15,11,2010,24.0118085768,28.15,63.5886985101,5.742393
15,12,2010,24.2355500311,25.91,63.5960889773,15.43913
15,1,2011,16.5226848975,25.27,63.6159591575,0.980946
15,2,2011,21.0285891858,27.75,63.6172216362,3.247269
15,3,2011,13.7569919204,30.57,63.6214008756,5.716547
15,4,2011,17.8464885022,33.09,63.628758079,1.826589
15,5,2011,23.8502175264,34.09,63.6311089013,3.687004
15,6,2011,17.9770043505,33.73,63.6358540802,9.065294
15,7,2011,2.8247358608,31.77,63.6475211253,23.441226
15,8,2011,6.8210068365,31.84,63.6776900133,6.79897
15,9,2011,21.9359850839,31.6,63.6864402965,17.014339
15,10,2011,16.671845867,30.75,63.7083377726,1.623635
15,11,2011,24.8446239901,27.59,63.710427393,3.111967
15,12,2011,21.4077066501,25.53,63.7144324985,9.369725
15,1,2012,22.5947793661,24.89,63.7264913466,2.328967
15,2,2012,19.6674953387,27.03,63.7294887302,5.855687
15,3,2012,17.7905531386,31.94,63.7370250069,10.912872
15,4,2012,18.7228091983,34.07,63.7510698872,32.239551
15,5,2012,19.3070229956,34.43,63.7925622308,8.983157
15,6,2012,22.8558110628,33.22,63.8041235654,23.622375
15,7,2012,9.2448725917,31.24,63.8345255925,1.696818
15,8,2012,8.5239279055,30.77,63.8367093994,3.16074
15,9,2012,10.7489123679,30.65,63.8407772759,10.813059
15,10,2012,23.4275947794,30.47,63.8546936967,4.059056
15,11,2012,23.9869484152,28.01,63.859917707,10.313995
15,12,2012,19.2013673089,24.88,63.8731918318,9.81493
15,1,2013,23.7259167185,23.61,63.8858236594,41.986872
15,2,2013,18.9714108142,26.44,63.9398608177,14.595592
15,3,2013,21.8303293971,30.2,63.9586453634,25.165943
15,4,2013,17.6973275326,32.46,63.9910339644,1.210845
15,5,2013,22.8868862648,34.3,63.9925923235,5.170636
15,6,2013,22.4456183965,33.6,63.9992469387,11.781196
15,7,2013,16.7526413922,31.88,64.0144093531,3.828889
15,8,2013,16.4791796147,30.96,64.0193371382,11.944823
15,9,2013,14.3536357986,30.65,64.0347101407,10.635802
15,10,2013,24.2604101927,30.2,64.0483984316,49.448296
15,11,2013,21.7246737104,28.11,64.1120384522,18.424481
15,12,2013,21.0534493474,25.34,64.1357507829,31.351071
15,1,2014,24.906774394,24.56,64.1760996517,1.609777
15,2,2014,12.6134244873,26.59,64.1781714367,5.280067
15,3,2014,15.3542573027,30.62,64.1849668898,11.719174
15,4,2014,15.7706650093,32.66,64.2000494818,3.058576
15,5,2014,17.9148539466,34.46,64.203985873,9.94842
15,6,2014,21.2771908017,32.44,64.2167895024,8.918162
15,7,2014,14.453076445,31.07,64.2282671883,23.309566
15,8,2014,12.327532629,30.76,64.2582666298,24.565191
15,9,2014,11.4885021753,31.04,64.2898820622,22.762241
15,10,2014,19.8042262275,30.27,64.3191770957,2.189296
15,11,2014,24.7824735861,27.83,64.3219947225,6.084956
15,12,2014,23.6078309509,25.37,64.3298260687,7.469364
15,1,2015,17.7159726538,23.83,64.3394391497,3.168463
15,2,2015,20.500310752,25.97,64.3435169657,10.550983
15,3,2015,19.7047855811,28.95,64.3570960944,7.604312
15,4,2015,21.0845245494,32.74,64.3668828537,21.545551
15,5,2015,21.3579863269,33.77,64.3946120056,28.516171
15,6,2015,21.7619639528,34.15,64.4313123544,19.390996
15,7,2015,8.8844002486,31.85,64.4562685912,3.580364
15,8,2015,13.6140459913,31.32,64.4608765243,4.435849
15,9,2015,23.7010565569,30.68,64.4665854676,4.404164
15,10,2015,20.9229334991,30.29,64.4722536324,3.073409
15,11,2015,23.1479179615,28.05,64.4762091137,10.487614
15,12,2015,21.3828464885,25.08,64.4897066864,5.069541
15,1,2016,23.2535736482,24.58,64.4962311922,20.992741
15,2,2016,18.0391547545,26.89,64.5232488769,31.130395
15,3,2016,24.3536357986,29.07,64.5633137353,20.150536
15,4,2016,18.1013051585,31.87,64.5892475011,1.559639
15,5,2016,22.8558110628,34.09,64.5912547585,10.293618
15,6,2016,19.2075823493,32.48,64.6045026581,3.36882
15,7,2016,17.6911124922,31.88,64.6088383338,4.211025
15,8,2016,13.0236171535,31.52,64.6142579284,10.823895
15,9,2016,24.1609695463,31.55,64.6281882952,11.229401
15,10,2016,24.7762585457,31.04,64.6426405487,14.629414
15,11,2016,23.3157240522,28.1,64.6614686234,38.304735
15,12,2016,23.7072715973,25.67,64.7107668666,15.346848
16,1,2008,24.8384089497,18.4,43.1791018267,12.037927
16,2,2008,24.8881292728,19.79,43.1953692956,6.065511
16,3,2008,24.9937849596,21.98,43.2035659321,8.500309
16,4,2008,24.4779366066,25.67,43.2150528362,21.641057
16,5,2008,24.8135487881,28.63,43.2442975078,16.255857
16,6,2008,21.7930391548,28.11,43.2662648821,9.35965
16,7,2008,17.2125543816,27.22,43.2789130578,7.991866
16,8,2008,21.6376631448,26.92,43.2897128767,11.13562
16,9,2008,21.9981354879,26.4,43.3047610118,9.30236
16,10,2008,24.7513983841,24.66,43.3173317686,8.571921
16,11,2008,24.8073337477,21.32,43.3289154456,4.189285
16,12,2008,25,19.03,43.3345766416,4.22509
16,1,2009,24.1485394655,18.1,43.3402862226,13.777076
16,2,2009,24.9005593536,19.88,43.3589038929,12.642493
16,3,2009,24.9564947172,22.23,43.3759883429,7.075286
16,4,2009,24.6643878185,25.88,43.3855495402,3.699726
16,5,2009,24.5525170914,28.38,43.3905491699,8.301481
16,6,2009,24.9316345556,28.29,43.4017673875,7.448782
16,7,2009,19.0522063393,27.42,43.4118333091,4.968204
16,8,2009,15.5593536358,26.44,43.4185470983,3.016158
16,9,2009,23.6761963953,26.19,43.4226229875,3.213477
16,10,2009,25,24.74,43.426965524,10.274668
16,11,2009,24.7265382225,22.03,43.4408502105,11.733418
16,12,2009,24.875699192,18.97,43.4567061808,5.440359
16,1,2010,24.9937849596,18.33,43.4640580172,1.941487
16,2,2010,25,20.28,43.4666816483,4.957727
16,3,2010,25,24.24,43.4733812794,5.352958
16,4,2010,25,27.49,43.4806150064,3.473876
16,5,2010,25,28.89,43.4853094335,2.14257
16,6,2010,24.7327532629,28.52,43.4882047983,2.295116
16,7,2010,17.5916718459,27.54,43.4913063064,6.261297
16,8,2010,22.0975761342,27.43,43.4997675186,8.632685
16,9,2010,22.1037911746,26.29,43.5114333091,4.65957
16,10,2010,24.9627097576,25.47,43.5177300253,1.220364
16,11,2010,24.9937849596,21.76,43.5193791659,3.238124
16,12,2010,24.9751398384,19.67,43.5237550091,2.946901
16,1,2011,24.7949036669,18.07,43.5277373078,2.946666
16,2,2011,24.6954630205,20.06,43.5317192889,3.505987
16,3,2011,24.9564947172,23.87,43.5364571091,2.07358
16,4,2011,24.9751398384,26.79,43.5392592443,4.099413
16,5,2011,24.4033561218,28.82,43.5447989916,11.350122
16,6,2011,24.515226849,28.81,43.5601369943,4.815616
16,7,2011,17.6103169671,27.28,43.5666445835,1.070895
16,8,2011,17.6476072094,26.62,43.5680917389,2.97395
16,9,2011,24.7078931013,26.03,43.5721105902,2.435092
16,10,2011,24.9751398384,24.56,43.5754012551,6.227561
16,11,2011,25,21.85,43.5838168781,6.98469
16,12,2011,24.7265382225,18.75,43.5932556483,2.271388
16,1,2012,24.6643878185,18.32,43.5963250916,7.380028
16,2,2012,24.9813548788,19.47,43.6062981024,17.369902
16,3,2012,23.7942821628,23.31,43.6297709429,8.72856
16,4,2012,24.9502796768,25.56,43.6415662943,0.919149
16,5,2012,23.6699813549,27.82,43.6428083875,4.756763
16,6,2012,24.7513983841,27.8,43.6492364456,3.233794
16,7,2012,19.0584213797,27.16,43.6536064375,10.010001
16,8,2012,13.8502175264,26.66,43.6671334659,10.848641
16,9,2012,17.9397141081,26.26,43.6817937916,10.291784
16,10,2012,25,24.2,43.6957016078,15.404131
16,11,2012,25,21.81,43.716518001,34.142692
16,12,2012,24.9813548788,19.02,43.762656774,22.274266
16,1,2013,24.9751398384,18,43.7927571335,2.580261
16,2,2013,24.9502796768,19.07,43.7962439726,12.439368
16,3,2013,24.937849596,22.54,43.8130539294,9.22559
16,4,2013,24.875699192,25.63,43.8255209429,13.574419
16,5,2013,24.8694841516,28.93,43.8438647524,11.687067
16,6,2013,24.3660658794,28.39,43.8596580862,31.504267
16,7,2013,20.0341827222,27.42,43.9022314199,37.535875
16,8,2013,16.2740832815,27.11,43.9529555753,39.990753
16,9,2013,23.9558732132,26.08,44.0069971335,25.22849
16,10,2013,24.0863890615,24.49,44.0410896875,5.800639
16,11,2013,24.7949036669,21.51,44.0489283889,22.140095
16,12,2013,24.968924798,19.32,44.0788474362,17.335926
16,1,2014,24.9937849596,17.33,44.1022743632,12.211935
16,2,2014,24.9316345556,19.37,44.1187769781,11.608155
16,3,2014,24.9192044748,23.28,44.134463674,43.712366
16,4,2014,25,25.52,44.1935344389,31.636768
16,5,2014,24.2479801119,28.31,44.2362868281,33.149464
16,6,2014,24.3660658794,28.81,44.281083401,24.534239
16,7,2014,20.4319453076,27.39,44.3142377781,6.862316
16,8,2014,8.1758856433,26.98,44.3235111781,37.557706
16,9,2014,24.422001243,26.51,44.3742648348,17.990044
16,10,2014,23.9558732132,24.36,44.3985757051,9.115129
16,11,2014,25,21.15,44.410893447,12.075598
16,12,2014,24.9875699192,17.98,44.4272118226,27.721937
16,1,2015,24.9564947172,18.31,44.4646738997,19.301873
16,2,2015,24.9875699192,20.73,44.4907575118,27.026455
16,3,2015,24.6084524549,23.02,44.5272797483,19.23798
16,4,2015,24.8881292728,26.86,44.5532770186,8.970483
16,5,2015,24.7265382225,28.48,44.5653992929,38.616524
16,6,2015,24.328775637,28.14,44.6175837848,14.66329
16,7,2015,17.6289620883,27.47,44.6373990416,7.91626
16,8,2015,17.8216283406,27.04,44.6480966902,7.277336
16,9,2015,24.6146674953,26.31,44.6579309281,19.953575
16,10,2015,25,24.98,44.6848952186,11.845638
16,11,2015,25,21.6,44.7009028375,15.806962
16,12,2015,24.9627097576,20.08,44.722263597,13.851857
16,1,2016,24.9502796768,17.72,44.7409823226,9.196055
16,2,2016,25,19.84,44.753409424,21.864219
16,3,2016,24.4903666874,23.55,44.7829556659,13.674572
16,4,2016,24.9875699192,26.88,44.8014348172,4.132564
16,5,2016,24.9005593536,28.82,44.8070193632,5.541535
16,6,2016,21.2274704786,28.82,44.814507924,0.05661
16,7,2016,22.0913610938,27.41,44.814584424,7.982075
16,8,2016,13.4835301429,27.46,44.8253710118,10.126983
16,9,2016,23.9807333748,26.28,44.839056124,9.900541
16,10,2016,25,24.67,44.8524352335,8.460119
16,11,2016,25,21.78,44.8638678267,7.541772
16,12,2016,24.8508390305,19.07,44.8740594105,7.831114
17,1,2008,24.9937849596,14.25,17.4997526106,1.213633
17,2,2008,25,14.9,17.5011193144,0.24895
17,3,2008,25,18.25,17.5013996635,1.213633
17,4,2008,24.9937849596,21.95,17.5027663674,3.454186
17,5,2008,24.0863890615,23.33,17.5066562165,2.427266
17,6,2008,14.8570540709,24.29,17.5093896241,7.592986
17,7,2008,11.9919204475,24.2,17.517940284,7.904174
17,8,2008,21.5071472965,23.31,17.5268413809,3.329711
17,9,2008,23.9496581728,22.77,17.5305910554,6.97061
17,10,2008,24.7700435053,20.31,17.5384408415,1.089158
17,11,2008,23.7880671224,16.83,17.5396673707,0.093356
17,12,2008,25,14.65,17.5397725014,1.306989
17,1,2009,24.7762585457,13.46,17.5412443358,3.491033
17,2,2009,24.906774394,14.18,17.5451756793,1.653647
17,3,2009,25,17.82,17.5470378944,7.502659
17,4,2009,24.7513983841,21.46,17.5554868347,5.573404
17,5,2009,24.5711622126,23.52,17.5617631906,3.85851
17,6,2009,21.8365444375,24.06,17.5661083595,6.43085
17,7,2009,8.1696706029,23.63,17.5733503077,0.367477
17,8,2009,12.9428216283,23.71,17.5737641331,0.183739
17,9,2009,22.8620261032,22.5,17.5739710464,1.194301
17,10,2009,24.9627097576,20.51,17.57531598,1.68427
17,11,2009,25,16.49,17.5772126804,2.051748
17,12,2009,24.4344313238,13.89,17.5795232074,6.216489
17,1,2010,24.9813548788,12.84,17.5865237581,2.741933
17,2,2010,24.9627097576,15.13,17.5896115205,3.495211
17,3,2010,24.1298943443,17.28,17.5935475689,7.562913
17,4,2010,24.6643878185,20.44,17.6020643629,0.180787
17,5,2010,24.7576134245,23.01,17.6022679518,0.120525
17,6,2010,23.6513362337,23.87,17.6024036782,0.994327
17,7,2010,11.3890615289,23.81,17.6035234158,1.386032
17,8,2010,13.3716594158,23.7,17.6050842626,1.898261
17,9,2010,19.4748290864,22.2,17.6072219439,4.308751
17,10,2010,24.8570540709,19.27,17.612074141,2.922719
17,11,2010,25,15.78,17.6153654912,2.048917
17,12,2010,24.9627097576,13.93,17.6176728302,5.935832
17,1,2011,24.7203231821,12.18,17.6243573257,0.889216
17,2,2011,25,14.85,17.6253586951,0.296405
17,3,2011,24.1733996271,17.52,17.6256924845,1.570948
17,4,2011,24.9813548788,21.14,17.6274615701,1.185621
17,5,2011,24.9875699192,22.92,17.6287967288,2.104478
17,6,2011,17.6476072094,23.69,17.6311666365,10.848433
17,7,2011,16.5413300186,23.8,17.6433833403,3.764347
17,8,2011,1.1280298322,23.24,17.6476224698,3.290099
17,9,2011,18.4742075823,22.13,17.6513275363,5.157452
17,10,2011,25,19.18,17.6571354777,0.800294
17,11,2011,24.875699192,15.87,17.6580367097,0.53353
17,12,2011,24.4592914854,13.91,17.6586375318,2.934412
17,1,2012,24.8943443132,12.57,17.6619420498,3.323602
17,2,2012,24.6954630205,14.57,17.6656848448,4.63555
17,3,2012,24.1423244251,17.17,17.6709050588,28.046533
17,4,2012,24.9813548788,20.44,17.7024889924,4.664704
17,5,2012,24.7638284649,22.61,17.7077420374,7.696762
17,6,2012,16.6967060286,23.57,17.7164095622,8.892092
17,7,2012,17.8216283406,23.58,17.7264231793,1.253639
17,8,2012,16.2989434431,23.07,17.7278349349,0.874632
17,9,2012,18.343691734,22.07,17.7288198809,10.524738
17,10,2012,25,18.96,17.7406720633,10.233194
17,11,2012,23.8564325668,15.7,17.7521959304,8.979555
17,12,2012,24.8073337477,14.65,17.7623080419,34.314729
17,1,2013,24.6270975761,12.37,17.8009507547,7.169119
17,2,2013,24.9627097576,13.27,17.809024087,17.320591
17,3,2013,24.390926041,17.43,17.828529257,19.729415
17,4,2013,24.9875699192,20.22,17.8507470667,0.745588
17,5,2013,24.8943443132,22.41,17.8515866928,0.630882
17,6,2013,22.8185208204,23.44,17.8522971455,29.536769
17,7,2013,2.3834679925,23.41,17.8855592728,9.778678
17,8,2013,11.6128029832,23.02,17.8965712975,11.585296
17,9,2013,21.7992541952,21.89,17.909617802,25.579415
17,10,2013,14.937849596,19.07,17.9384234496,14.166178
17,11,2013,24.9502796768,15.87,17.9543763527,21.134562
17,12,2013,24.6706028589,13.6,17.9781765351,24.977209
17,1,2014,24.7576134245,13.26,18.0063040228,0.677089
17,2,2014,24.9564947172,14.59,18.0070665104,1.10027
17,3,2014,24.9502796768,17.67,18.0083055532,10.269182
17,4,2014,24.968924798,21.35,18.0198699473,6.319497
17,5,2014,24.9129894344,23.29,18.026986498,11.820845
17,6,2014,22.1286513362,23.46,18.0402982604,13.541779
17,7,2014,7.0509633313,23.41,18.0555480115,8.463612
17,8,2014,15.4350528278,23.25,18.0650791061,20.566577
17,9,2014,11.0285891858,22.32,18.0882396658,13.118598
17,10,2014,24.0988191423,19.8,18.1030128617,0.28212
17,11,2014,24.6208825357,15.18,18.1033305644,0.366757
17,12,2014,24.9316345556,12.29,18.1037435791,3.0469
17,1,2015,24.9316345556,12.41,18.1071747728,2.915257
17,2,2015,24.906774394,12.99,18.1104577198,9.384351
17,3,2015,24.7762585457,17.46,18.1210256827,5.9971
17,4,2015,24.8694841516,20.18,18.1277791737,7.662961
17,5,2015,24.8197638285,22.66,18.1364086342,11.438912
17,6,2015,24.6830329397,23.67,18.1492902919,8.495891
17,7,2015,8.6917339963,23.32,18.1588577367,0.388701
17,8,2015,14.0615288999,22.99,18.1592954631,0.388701
17,9,2015,16.3051584835,21.64,18.1597331894,1.360453
17,10,2015,25,19.08,18.1612652311,1.749154
17,11,2015,24.8943443132,16.23,18.1632349991,7.440846
17,12,2015,24.515226849,14.27,18.1716143302,3.692659
17,1,2016,24.9254195152,12.06,18.17577273,6.478006
17,2,2016,24.968924798,13.47,18.1830677818,6.204673
17,3,2016,24.9129894344,17.9,18.1900550261,6.314006
17,4,2016,24.9875699192,21.35,18.1971653933,0.191334
17,5,2016,24.8570540709,22.47,18.1973808595,0.109333
17,6,2016,19.5866998135,23.11,18.1975039822,0.683334
17,7,2016,8.1572405221,23.1,18.1982735025,0.437334
17,8,2016,5.2610316967,22.89,18.1987659957,3.198003
17,9,2016,14.1920447483,21.57,18.2023673505,1.284668
17,10,2016,22.3523927906,19.35,18.2038140487,3.362003
17,11,2016,24.9937849596,15.12,18.2076000881,3.58067
17,12,2016,25,12.72,19.2076000881,4.045337
